Id,SpeciesIDDesc
0,DOG
1,DOG
2,DOG
3,DOG
4,DOG
5,DOG
6,DOG
7,DOG
8,DOG
9,DOG
10,DOG
11,DOG
12,DOG
13,DOG
14,DOG
15,DOG
16,DOG
17,DOG
18,DOG
19,DOG
20,CAT
21,DOG
22,DOG
23,DOG
24,DOG
25,DOG
26,DOG
27,DOG
28,CAT
29,DOG
30,DOG
31,DOG
32,DOG
33,DOG
34,DOG
35,DOG
36,DOG
37,DOG
38,DOG
39,DOG
40,CAT
41,DOG
42,DOG
43,DOG
44,DOG
45,DOG
46,DOG
47,DOG
48,DOG
49,DOG
50,DOG
51,DOG
52,CAT
53,DOG
54,DOG
55,DOG
56,DOG
57,CAT
58,DOG
59,DOG
60,CAT
61,DOG
62,DOG
63,DOG
64,DOG
65,DOG
66,DOG
67,DOG
68,DOG
69,DOG
70,DOG
71,DOG
72,CAT
73,CAT
74,DOG
75,DOG
76,DOG
77,DOG
78,DOG
79,DOG
80,DOG
81,CAT
82,DOG
83,DOG
84,DOG
85,CAT
86,DOG
87,DOG
88,CAT
89,DOG
90,DOG
91,DOG
92,CAT
93,DOG
94,DOG
95,CAT
96,DOG
97,DOG
98,DOG
99,DOG
100,CAT
101,DOG
102,DOG
103,DOG
104,DOG
105,DOG
106,DOG
107,DOG
108,DOG
109,CAT
110,DOG
111,DOG
112,CAT
113,DOG
114,DOG
115,DOG
116,CAT
117,DOG
118,DOG
119,CAT
120,DOG
121,DOG
122,DOG
123,DOG
124,DOG
125,DOG
126,DOG
127,DOG
128,DOG
129,CAT
130,CAT
131,DOG
132,DOG
133,DOG
134,DOG
135,CAT
136,DOG
137,DOG
138,DOG
139,DOG
140,CAT
141,DOG
142,CAT
143,DOG
144,DOG
145,DOG
146,CAT
147,DOG
148,DOG
149,CAT
150,DOG
151,DOG
152,DOG
153,CAT
154,DOG
155,DOG
156,CAT
157,DOG
158,DOG
159,CAT
160,DOG
161,DOG
162,DOG
163,DOG
164,DOG
165,CAT
166,DOG
167,DOG
168,DOG
169,DOG
170,DOG
171,DOG
172,DOG
173,DOG
174,DOG
175,CAT
176,DOG
177,CAT
178,DOG
179,CAT
180,BAT
181,DOG
182,DOG
183,CAT
184,CAT
185,CAT
186,DOG
187,DOG
188,DOG
189,DOG
190,DOG
191,DOG
192,DOG
193,DOG
194,DOG
195,DOG
196,DOG
197,DOG
198,DOG
199,DOG
200,DOG
201,DOG
202,DOG
203,DOG
204,DOG
205,DOG
206,DOG
207,DOG
208,DOG
209,DOG
210,DOG
211,DOG
212,CAT
213,CAT
214,DOG
215,DOG
216,DOG
217,DOG
218,CAT
219,DOG
220,DOG
221,DOG
222,DOG
223,DOG
224,DOG
225,DOG
226,DOG
227,DOG
228,DOG
229,DOG
230,DOG
231,CAT
232,CAT
233,DOG
234,DOG
235,CAT
236,DOG
237,DOG
238,DOG
239,DOG
240,DOG
241,CAT
242,DOG
243,DOG
244,DOG
245,CAT
246,CAT
247,DOG
248,DOG
249,DOG
250,CAT
251,DOG
252,DOG
253,DOG
254,DOG
255,RACCOON
256,DOG
257,DOG
258,DOG
259,DOG
260,DOG
261,DOG
262,DOG
263,DOG
264,DOG
265,DOG
266,DOG
267,DOG
268,DOG
269,DOG
270,DOG
271,DOG
272,CAT
273,DOG
274,CAT
275,CAT
276,DOG
277,DOG
278,DOG
279,RACCOON
280,DOG
281,DOG
282,CAT
283,DOG
284,DOG
285,DOG
286,DOG
287,CAT
288,DOG
289,DOG
290,CAT
291,DOG
292,DOG
293,DOG
294,DOG
295,DOG
296,DOG
297,DOG
298,DOG
299,DOG
300,DOG
301,DOG
302,DOG
303,DOG
304,DOG
305,DOG
306,DOG
307,DOG
308,DOG
309,DOG
310,DOG
311,DOG
312,DOG
313,DOG
314,CAT
315,DOG
316,DOG
317,CAT
318,DOG
319,DOG
320,DOG
321,DOG
322,DOG
323,DOG
324,DOG
325,DOG
326,CAT
327,CAT
328,DOG
329,DOG
330,DOG
331,DOG
332,DOG
333,DOG
334,DOG
335,DOG
336,DOG
337,DOG
338,DOG
339,DOG
340,CAT
341,DOG
342,DOG
343,DOG
344,DOG
345,DOG
346,DOG
347,DOG
348,DOG
349,DOG
350,CAT
351,DOG
352,CAT
353,DOG
354,DOG
355,DOG
356,DOG
357,DOG
358,DOG
359,DOG
360,DOG
361,DOG
362,CAT
363,DOG
364,DOG
365,DOG
366,DOG
367,DOG
368,DOG
369,DOG
370,DOG
371,DOG
372,DOG
373,DOG
374,DOG
375,DOG
376,DOG
377,DOG
378,DOG
379,DOG
380,DOG
381,DOG
382,DOG
383,DOG
384,DOG
385,DOG
386,DOG
387,DOG
388,DOG
389,DOG
390,DOG
391,DOG
392,DOG
393,DOG
394,CAT
395,DOG
396,DOG
397,DOG
398,DOG
399,CAT
400,DOG
401,DOG
402,DOG
403,CAT
404,DOG
405,DOG
406,DOG
407,DOG
408,DOG
409,DOG
410,DOG
411,DOG
412,DOG
413,DOG
414,DOG
415,CAT
416,DOG
417,CAT
418,CAT
419,DOG
420,CAT
421,DOG
422,DOG
423,DOG
424,CAT
425,DOG
426,DOG
427,DOG
428,DOG
429,CAT
430,DOG
431,DOG
432,DOG
433,DOG
434,DOG
435,CAT
436,DOG
437,DOG
438,CAT
439,DOG
440,DOG
441,CAT
442,DOG
443,CAT
444,DOG
445,DOG
446,DOG
447,CAT
448,DOG
449,DOG
450,DOG
451,DOG
452,DOG
453,DOG
454,DOG
455,CAT
456,BAT
457,DOG
458,CAT
459,DOG
460,DOG
461,DOG
462,DOG
463,DOG
464,DOG
465,DOG
466,DOG
467,CAT
468,DOG
469,DOG
470,DOG
471,DOG
472,DOG
473,DOG
474,DOG
475,DOG
476,DOG
477,DOG
478,DOG
479,DOG
480,DOG
481,DOG
482,CAT
483,DOG
484,DOG
485,DOG
486,CAT
487,BAT
488,DOG
489,DOG
490,CAT
491,DOG
492,DOG
493,DOG
494,DOG
495,DOG
496,CAT
497,DOG
498,DOG
499,DOG
500,DOG
501,CAT
502,DOG
503,DOG
504,DOG
505,CAT
506,DOG
507,DOG
508,DOG
509,DOG
510,DOG
511,DOG
512,DOG
513,CAT
514,DOG
515,DOG
516,DOG
517,CAT
518,CAT
519,CAT
520,DOG
521,DOG
522,CAT
523,CAT
524,CAT
525,DOG
526,DOG
527,DOG
528,DOG
529,DOG
530,DOG
531,DOG
532,DOG
533,DOG
534,DOG
535,DOG
536,DOG
537,DOG
538,DOG
539,DOG
540,DOG
541,DOG
542,DOG
543,DOG
544,CAT
545,DOG
546,DOG
547,DOG
548,DOG
549,CAT
550,DOG
551,CAT
552,DOG
553,DOG
554,CAT
555,CAT
556,DOG
557,DOG
558,CAT
559,DOG
560,CAT
561,DOG
562,DOG
563,DOG
564,DOG
565,DOG
566,CAT
567,DOG
568,DOG
569,CAT
570,DOG
571,DOG
572,DOG
573,CAT
574,DOG
575,DOG
576,CAT
577,DOG
578,DOG
579,CAT
580,DOG
581,CAT
582,DOG
583,DOG
584,DOG
585,DOG
586,DOG
587,DOG
588,DOG
589,CAT
590,DOG
591,DOG
592,DOG
593,CAT
594,BAT
595,CAT
596,DOG
597,DOG
598,DOG
599,DOG
600,DOG
601,CAT
602,DOG
603,DOG
604,DOG
605,CAT
606,DOG
607,DOG
608,DOG
609,CAT
610,DOG
611,CAT
612,CAT
613,DOG
614,DOG
615,CAT
616,CAT
617,CAT
618,CAT
619,DOG
620,DOG
621,DOG
622,DOG
623,DOG
624,DOG
625,DOG
626,CAT
627,DOG
628,DOG
629,DOG
630,CAT
631,DOG
632,DOG
633,DOG
634,DOG
635,CAT
636,CAT
637,DOG
638,CAT
639,DOG
640,DOG
641,CAT
642,DOG
643,CAT
644,CAT
645,DOG
646,CAT
647,DOG
648,CAT
649,CAT
650,CAT
651,DOG
652,DOG
653,DOG
654,CAT
655,DOG
656,DOG
657,DOG
658,CAT
659,CAT
660,CAT
661,DOG
662,DOG
663,DOG
664,DOG
665,DOG
666,DOG
667,DOG
668,DOG
669,CAT
670,DOG
671,DOG
672,CAT
673,DOG
674,DOG
675,DOG
676,DOG
677,DOG
678,DOG
679,DOG
680,DOG
681,DOG
682,CAT
683,DOG
684,DOG
685,DOG
686,DOG
687,DOG
688,CAT
689,DOG
690,DOG
691,CAT
692,DOG
693,DOG
694,DOG
695,DOG
696,CAT
697,DOG
698,DOG
699,DOG
700,DOG
701,CAT
702,DOG
703,DOG
704,DOG
705,DOG
706,DOG
707,DOG
708,DOG
709,DOG
710,DOG
711,DOG
712,CAT
713,DOG
714,DOG
715,CAT
716,DOG
717,DOG
718,DOG
719,DOG
720,DOG
721,CAT
722,CAT
723,CAT
724,DOG
725,DOG
726,DOG
727,DOG
728,CAT
729,DOG
730,CAT
731,DOG
732,DOG
733,DOG
734,DOG
735,DOG
736,DOG
737,BAT
738,BAT
739,DOG
740,DOG
741,DOG
742,DOG
743,CAT
744,DOG
745,OTHER
746,DOG
747,CAT
748,DOG
749,DOG
750,DOG
751,DOG
752,DOG
753,DOG
754,DOG
755,DOG
756,DOG
757,DOG
758,DOG
759,DOG
760,DOG
761,DOG
762,DOG
763,DOG
764,CAT
765,CAT
766,CAT
767,DOG
768,DOG
769,DOG
770,DOG
771,DOG
772,DOG
773,DOG
774,BAT
775,DOG
776,DOG
777,DOG
778,DOG
779,DOG
780,DOG
781,DOG
782,DOG
783,DOG
784,CAT
785,DOG
786,DOG
787,DOG
788,DOG
789,DOG
790,CAT
791,CAT
792,DOG
793,DOG
794,DOG
795,BAT
796,DOG
797,DOG
798,DOG
799,DOG
800,DOG
801,CAT
802,DOG
803,DOG
804,DOG
805,CAT
806,DOG
807,DOG
808,CAT
809,DOG
810,CAT
811,DOG
812,DOG
813,DOG
814,DOG
815,DOG
816,DOG
817,DOG
818,DOG
819,DOG
820,DOG
821,DOG
822,DOG
823,CAT
824,CAT
825,DOG
826,DOG
827,DOG
828,DOG
829,DOG
830,DOG
831,DOG
832,CAT
833,DOG
834,DOG
835,CAT
836,DOG
837,DOG
838,CAT
839,CAT
840,DOG
841,DOG
842,DOG
843,DOG
844,DOG
845,DOG
846,DOG
847,CAT
848,DOG
849,DOG
850,OTHER
851,DOG
852,CAT
853,CAT
854,CAT
855,DOG
856,DOG
857,DOG
858,DOG
859,DOG
860,DOG
861,DOG
862,CAT
863,DOG
864,DOG
865,DOG
866,CAT
867,CAT
868,DOG
869,DOG
870,DOG
871,CAT
872,DOG
873,DOG
874,DOG
875,DOG
876,DOG
877,DOG
878,CAT
879,CAT
880,DOG
881,DOG
882,DOG
883,DOG
884,DOG
885,DOG
886,DOG
887,DOG
888,DOG
889,DOG
890,DOG
891,CAT
892,DOG
893,CAT
894,DOG
895,DOG
896,DOG
897,BAT
898,CAT
899,DOG
900,DOG
901,DOG
902,DOG
903,DOG
904,CAT
905,DOG
906,DOG
907,DOG
908,DOG
909,CAT
910,DOG
911,DOG
912,DOG
913,DOG
914,DOG
915,CAT
916,DOG
917,OTHER
918,DOG
919,DOG
920,DOG
921,DOG
922,DOG
923,DOG
924,DOG
925,DOG
926,DOG
927,DOG
928,DOG
929,CAT
930,DOG
931,DOG
932,DOG
933,DOG
934,DOG
935,DOG
936,DOG
937,CAT
938,DOG
939,DOG
940,DOG
941,DOG
942,CAT
943,DOG
944,DOG
945,DOG
946,DOG
947,DOG
948,DOG
949,CAT
950,DOG
951,DOG
952,DOG
953,DOG
954,DOG
955,DOG
956,DOG
957,DOG
958,CAT
959,CAT
960,DOG
961,DOG
962,DOG
963,DOG
964,DOG
965,DOG
966,DOG
967,DOG
968,CAT
969,DOG
970,DOG
971,DOG
972,CAT
973,DOG
974,CAT
975,DOG
976,DOG
977,DOG
978,DOG
979,DOG
980,DOG
981,CAT
982,DOG
983,DOG
984,DOG
985,DOG
986,DOG
987,DOG
988,DOG
989,CAT
990,DOG
991,DOG
992,DOG
993,DOG
994,CAT
995,DOG
996,DOG
997,CAT
998,DOG
999,DOG
1000,CAT
1001,DOG
1002,CAT
1003,DOG
1004,DOG
1005,DOG
1006,DOG
1007,DOG
1008,DOG
1009,CAT
1010,DOG
1011,DOG
1012,CAT
1013,DOG
1014,CAT
1015,CAT
1016,DOG
1017,CAT
1018,DOG
1019,CAT
1020,DOG
1021,CAT
1022,DOG
1023,DOG
1024,DOG
1025,DOG
1026,DOG
1027,CAT
1028,DOG
1029,DOG
1030,CAT
1031,DOG
1032,DOG
1033,DOG
1034,DOG
1035,CAT
1036,CAT
1037,DOG
1038,DOG
1039,DOG
1040,DOG
1041,DOG
1042,DOG
1043,CAT
1044,DOG
1045,DOG
1046,DOG
1047,DOG
1048,DOG
1049,DOG
1050,DOG
1051,DOG
1052,DOG
1053,DOG
1054,DOG
1055,DOG
1056,DOG
1057,DOG
1058,CAT
1059,DOG
1060,DOG
1061,DOG
1062,DOG
1063,DOG
1064,DOG
1065,CAT
1066,DOG
1067,DOG
1068,DOG
1069,DOG
1070,DOG
1071,DOG
1072,DOG
1073,DOG
1074,DOG
1075,CAT
1076,DOG
1077,DOG
1078,DOG
1079,CAT
1080,DOG
1081,DOG
1082,DOG
1083,DOG
1084,DOG
1085,DOG
1086,CAT
1087,DOG
1088,DOG
1089,DOG
1090,DOG
1091,CAT
1092,DOG
1093,DOG
1094,DOG
1095,DOG
1096,CAT
1097,DOG
1098,DOG
1099,DOG
1100,DOG
1101,DOG
1102,DOG
1103,DOG
1104,DOG
1105,DOG
1106,DOG
1107,CAT
1108,DOG
1109,DOG
1110,DOG
1111,DOG
1112,DOG
1113,CAT
1114,DOG
1115,DOG
1116,DOG
1117,CAT
1118,DOG
1119,DOG
1120,DOG
1121,DOG
1122,DOG
1123,DOG
1124,DOG
1125,DOG
1126,DOG
1127,CAT
1128,CAT
1129,DOG
1130,DOG
1131,DOG
1132,CAT
1133,DOG
1134,CAT
1135,DOG
1136,DOG
1137,DOG
1138,DOG
1139,DOG
1140,DOG
1141,DOG
1142,DOG
1143,DOG
1144,DOG
1145,CAT
1146,CAT
1147,CAT
1148,CAT
1149,DOG
1150,BAT
1151,DOG
1152,DOG
1153,DOG
1154,DOG
1155,DOG
1156,DOG
1157,DOG
1158,DOG
1159,DOG
1160,CAT
1161,DOG
1162,DOG
1163,DOG
1164,DOG
1165,DOG
1166,CAT
1167,CAT
1168,DOG
1169,DOG
1170,DOG
1171,DOG
1172,DOG
1173,DOG
1174,DOG
1175,DOG
1176,DOG
1177,CAT
1178,DOG
1179,DOG
1180,CAT
1181,DOG
1182,DOG
1183,DOG
1184,DOG
1185,DOG
1186,CAT
1187,DOG
1188,DOG
1189,DOG
1190,CAT
1191,CAT
1192,DOG
1193,DOG
1194,DOG
1195,DOG
1196,DOG
1197,DOG
1198,DOG
1199,DOG
1200,DOG
1201,DOG
1202,DOG
1203,DOG
1204,DOG
1205,DOG
1206,CAT
1207,DOG
1208,DOG
1209,DOG
1210,DOG
1211,DOG
1212,DOG
1213,DOG
1214,DOG
1215,DOG
1216,DOG
1217,CAT
1218,DOG
1219,DOG
1220,DOG
1221,DOG
1222,DOG
1223,DOG
1224,DOG
1225,CAT
1226,CAT
1227,CAT
1228,DOG
1229,CAT
1230,CAT
1231,CAT
1232,CAT
1233,DOG
1234,DOG
1235,CAT
1236,DOG
1237,DOG
1238,CAT
1239,DOG
1240,CAT
1241,CAT
1242,DOG
1243,DOG
1244,DOG
1245,DOG
1246,CAT
1247,DOG
1248,CAT
1249,DOG
1250,DOG
1251,CAT
1252,DOG
1253,CAT
1254,DOG
1255,DOG
1256,DOG
1257,CAT
1258,CAT
1259,DOG
1260,DOG
1261,DOG
1262,CAT
1263,DOG
1264,CAT
1265,DOG
1266,DOG
1267,CAT
1268,DOG
1269,DOG
1270,DOG
1271,DOG
1272,CAT
1273,CAT
1274,DOG
1275,DOG
1276,BAT
1277,DOG
1278,DOG
1279,DOG
1280,DOG
1281,DOG
1282,DOG
1283,DOG
1284,BAT
1285,DOG
1286,CAT
1287,DOG
1288,DOG
1289,DOG
1290,DOG
1291,DOG
1292,DOG
1293,DOG
1294,DOG
1295,DOG
1296,DOG
1297,CAT
1298,DOG
1299,DOG
1300,DOG
1301,DOG
1302,DOG
1303,DOG
1304,DOG
1305,DOG
1306,DOG
1307,DOG
1308,CAT
1309,DOG
1310,CAT
1311,CAT
1312,CAT
1313,DOG
1314,DOG
1315,CAT
1316,DOG
1317,CAT
1318,DOG
1319,DOG
1320,CAT
1321,BAT
1322,DOG
1323,DOG
1324,CAT
1325,DOG
1326,CAT
1327,DOG
1328,DOG
1329,CAT
1330,DOG
1331,CAT
1332,DOG
1333,CAT
1334,DOG
1335,DOG
1336,DOG
1337,DOG
1338,DOG
1339,DOG
1340,DOG
1341,DOG
1342,DOG
1343,DOG
1344,CAT
1345,DOG
1346,DOG
1347,DOG
1348,DOG
1349,DOG
1350,CAT
1351,DOG
1352,CAT
1353,DOG
1354,DOG
1355,CAT
1356,DOG
1357,DOG
1358,RACCOON
1359,DOG
1360,DOG
1361,OTHER
1362,CAT
1363,DOG
1364,DOG
1365,DOG
1366,BAT
1367,DOG
1368,CAT
1369,DOG
1370,DOG
1371,BAT
1372,BAT
1373,CAT
1374,OTHER
1375,CAT
1376,BAT
1377,DOG
1378,RABBIT
1379,CAT
1380,DOG
1381,DOG
1382,CAT
1383,CAT
1384,DOG
1385,DOG
1386,DOG
1387,CAT
1388,CAT
1389,CAT
1390,CAT
1391,DOG
1392,DOG
1393,DOG
1394,DOG
1395,CAT
1396,BAT
1397,CAT
1398,CAT
1399,CAT
1400,CAT
1401,BAT
1402,DOG
1403,BAT
1404,DOG
1405,BAT
1406,
1407,DOG
1408,DOG
1409,DOG
1410,CAT
1411,RACCOON
1412,DOG
1413,BAT
1414,CAT
1415,DOG
1416,DOG
1417,CAT
1418,BAT
1419,DOG
1420,CAT
1421,CAT
1422,CAT
1423,CAT
1424,CAT
1425,DOG
1426,DOG
1427,CAT
1428,CAT
1429,CAT
1430,DOG
1431,DOG
1432,DOG
1433,DOG
1434,DOG
1435,BAT
1436,DOG
1437,DOG
1438,CAT
1439,CAT
1440,DOG
1441,DOG
1442,BAT
1443,DOG
1444,CAT
1445,BAT
1446,CAT
1447,BAT
1448,CAT
1449,CAT
1450,CAT
1451,CAT
1452,DOG
1453,RACCOON
1454,CAT
1455,CAT
1456,CAT
1457,CAT
1458,BAT
1459,DOG
1460,CAT
1461,DOG
1462,CAT
1463,CAT
1464,CAT
1465,BAT
1466,RACCOON
1467,BAT
1468,CAT
1469,BAT
1470,BAT
1471,CAT
1472,CAT
1473,CAT
1474,BAT
1475,CAT
1476,CAT
1477,CAT
1478,DOG
1479,BAT
1480,DOG
1481,BAT
1482,BAT
1483,DOG
1484,OTHER
1485,DOG
1486,DOG
1487,CAT
1488,CAT
1489,CAT
1490,CAT
1491,DOG
1492,BAT
1493,DOG
1494,CAT
1495,DOG
1496,DOG
1497,DOG
1498,DOG
1499,BAT
1500,DOG
1501,BAT
1502,DOG
1503,DOG
1504,BAT
1505,BAT
1506,BAT
1507,CAT
1508,BAT
1509,BAT
1510,RACCOON
1511,BAT
1512,CAT
1513,OTHER
1514,BAT
1515,BAT
1516,BAT
1517,CAT
1518,BAT
1519,DOG
1520,CAT
1521,BAT
1522,BAT
1523,BAT
1524,BAT
1525,BAT
1526,BAT
1527,BAT
1528,BAT
1529,CAT
1530,BAT
1531,BAT
1532,BAT
1533,CAT
1534,BAT
1535,BAT
1536,RACCOON
1537,DOG
1538,BAT
1539,BAT
1540,BAT
1541,BAT
1542,BAT
1543,BAT
1544,BAT
1545,BAT
1546,BAT
1547,BAT
1548,BAT
1549,BAT
1550,BAT
1551,BAT
1552,BAT
1553,BAT
1554,BAT
1555,BAT
1556,BAT
1557,BAT
1558,CAT
1559,BAT
1560,DOG
1561,BAT
1562,BAT
1563,BAT
1564,BAT
1565,CAT
1566,BAT
1567,BAT
1568,BAT
1569,BAT
1570,DOG
1571,
1572,CAT
1573,
1574,DOG
1575,RACCOON
1576,BAT
1577,BAT
1578,BAT
1579,BAT
1580,BAT
1581,
1582,BAT
1583,BAT
1584,BAT
1585,BAT
1586,BAT
1587,BAT
1588,BAT
1589,RACCOON
1590,BAT
1591,BAT
1592,BAT
1593,BAT
1594,BAT
1595,BAT
1596,BAT
1597,BAT
1598,BAT
1599,BAT
1600,BAT
1601,BAT
1602,BAT
1603,BAT
1604,BAT
1605,BAT
1606,BAT
1607,BAT
1608,BAT
1609,BAT
1610,BAT
1611,BAT
1612,BAT
1613,DOG
1614,BAT
1615,BAT
1616,BAT
1617,BAT
1618,BAT
1619,CAT
1620,BAT
1621,BAT
1622,BAT
1623,BAT
1624,BAT
1625,BAT
1626,BAT
1627,BAT
1628,CAT
1629,OTHER
1630,BAT
1631,BAT
1632,BAT
1633,BAT
1634,BAT
1635,BAT
1636,BAT
1637,RACCOON
1638,BAT
1639,BAT
1640,BAT
1641,DOG
1642,BAT
1643,CAT
1644,DOG
1645,BAT
1646,BAT
1647,CAT
1648,CAT
1649,BAT
1650,BAT
1651,BAT
1652,BAT
1653,BAT
1654,BAT
1655,BAT
1656,BAT
1657,BAT
1658,CAT
1659,DOG
1660,BAT
1661,BAT
1662,BAT
1663,BAT
1664,BAT
1665,BAT
1666,BAT
1667,BAT
1668,BAT
1669,DOG
1670,BAT
1671,BAT
1672,BAT
1673,BAT
1674,BAT
1675,BAT
1676,BAT
1677,BAT
1678,BAT
1679,BAT
1680,BAT
1681,BAT
1682,BAT
1683,BAT
1684,BAT
1685,
1686,BAT
1687,DOG
1688,CAT
1689,CAT
1690,DOG
1691,
1692,DOG
1693,DOG
1694,CAT
1695,DOG
1696,DOG
1697,DOG
1698,CAT
1699,DOG
1700,DOG
1701,DOG
1702,DOG
1703,DOG
1704,DOG
1705,DOG
1706,DOG
1707,DOG
1708,DOG
1709,DOG
1710,CAT
1711,DOG
1712,DOG
1713,DOG
1714,DOG
1715,DOG
1716,DOG
1717,DOG
1718,CAT
1719,DOG
1720,CAT
1721,DOG
1722,DOG
1723,DOG
1724,DOG
1725,CAT
1726,DOG
1727,DOG
1728,DOG
1729,DOG
1730,DOG
1731,DOG
1732,DOG
1733,DOG
1734,DOG
1735,DOG
1736,DOG
1737,DOG
1738,DOG
1739,DOG
1740,DOG
1741,DOG
1742,DOG
1743,DOG
1744,DOG
1745,DOG
1746,DOG
1747,DOG
1748,CAT
1749,DOG
1750,DOG
1751,DOG
1752,DOG
1753,DOG
1754,DOG
1755,DOG
1756,DOG
1757,DOG
1758,DOG
1759,DOG
1760,CAT
1761,DOG
1762,DOG
1763,CAT
1764,CAT
1765,DOG
1766,DOG
1767,DOG
1768,CAT
1769,DOG
1770,CAT
1771,DOG
1772,CAT
1773,DOG
1774,CAT
1775,DOG
1776,DOG
1777,DOG
1778,DOG
1779,CAT
1780,DOG
1781,DOG
1782,DOG
1783,CAT
1784,DOG
1785,DOG
1786,DOG
1787,DOG
1788,DOG
1789,DOG
1790,DOG
1791,DOG
1792,DOG
1793,DOG
1794,DOG
1795,DOG
1796,DOG
1797,DOG
1798,CAT
1799,DOG
1800,CAT
1801,DOG
1802,DOG
1803,DOG
1804,DOG
1805,DOG
1806,DOG
1807,CAT
1808,CAT
1809,CAT
1810,CAT
1811,DOG
1812,DOG
1813,DOG
1814,DOG
1815,DOG
1816,DOG
1817,DOG
1818,DOG
1819,DOG
1820,DOG
1821,DOG
1822,DOG
1823,DOG
1824,DOG
1825,DOG
1826,DOG
1827,DOG
1828,DOG
1829,DOG
1830,DOG
1831,DOG
1832,DOG
1833,DOG
1834,DOG
1835,DOG
1836,DOG
1837,DOG
1838,BAT
1839,DOG
1840,CAT
1841,DOG
1842,DOG
1843,DOG
1844,DOG
1845,CAT
1846,DOG
1847,DOG
1848,DOG
1849,CAT
1850,DOG
1851,DOG
1852,DOG
1853,DOG
1854,DOG
1855,CAT
1856,CAT
1857,BAT
1858,DOG
1859,DOG
1860,CAT
1861,CAT
1862,DOG
1863,DOG
1864,DOG
1865,DOG
1866,DOG
1867,CAT
1868,DOG
1869,DOG
1870,DOG
1871,DOG
1872,DOG
1873,DOG
1874,DOG
1875,DOG
1876,DOG
1877,DOG
1878,CAT
1879,CAT
1880,DOG
1881,DOG
1882,DOG
1883,DOG
1884,DOG
1885,DOG
1886,DOG
1887,CAT
1888,DOG
1889,RACCOON
1890,DOG
1891,DOG
1892,DOG
1893,DOG
1894,DOG
1895,DOG
1896,DOG
1897,DOG
1898,DOG
1899,DOG
1900,DOG
1901,DOG
1902,DOG
1903,DOG
1904,DOG
1905,DOG
1906,DOG
1907,DOG
1908,DOG
1909,DOG
1910,DOG
1911,CAT
1912,DOG
1913,DOG
1914,DOG
1915,CAT
1916,CAT
1917,CAT
1918,DOG
1919,DOG
1920,DOG
1921,DOG
1922,CAT
1923,DOG
1924,DOG
1925,DOG
1926,DOG
1927,DOG
1928,DOG
1929,DOG
1930,DOG
1931,DOG
1932,DOG
1933,DOG
1934,DOG
1935,DOG
1936,DOG
1937,DOG
1938,DOG
1939,DOG
1940,DOG
1941,DOG
1942,DOG
1943,DOG
1944,DOG
1945,CAT
1946,DOG
1947,DOG
1948,DOG
1949,DOG
1950,DOG
1951,DOG
1952,CAT
1953,DOG
1954,DOG
1955,DOG
1956,CAT
1957,DOG
1958,CAT
1959,DOG
1960,DOG
1961,DOG
1962,DOG
1963,DOG
1964,DOG
1965,DOG
1966,DOG
1967,DOG
1968,DOG
1969,DOG
1970,DOG
1971,CAT
1972,DOG
1973,DOG
1974,DOG
1975,DOG
1976,DOG
1977,CAT
1978,DOG
1979,DOG
1980,DOG
1981,DOG
1982,CAT
1983,DOG
1984,DOG
1985,DOG
1986,DOG
1987,CAT
1988,DOG
1989,DOG
1990,DOG
1991,DOG
1992,DOG
1993,RACCOON
1994,DOG
1995,DOG
1996,CAT
1997,DOG
1998,DOG
1999,DOG
2000,DOG
2001,DOG
2002,DOG
2003,DOG
2004,DOG
2005,DOG
2006,DOG
2007,CAT
2008,DOG
2009,DOG
2010,DOG
2011,DOG
2012,CAT
2013,CAT
2014,DOG
2015,DOG
2016,DOG
2017,DOG
2018,DOG
2019,CAT
2020,CAT
2021,DOG
2022,DOG
2023,DOG
2024,CAT
2025,DOG
2026,DOG
2027,DOG
2028,DOG
2029,DOG
2030,DOG
2031,DOG
2032,CAT
2033,DOG
2034,CAT
2035,DOG
2036,DOG
2037,CAT
2038,DOG
2039,DOG
2040,DOG
2041,CAT
2042,DOG
2043,DOG
2044,DOG
2045,DOG
2046,DOG
2047,DOG
2048,DOG
2049,DOG
2050,DOG
2051,DOG
2052,DOG
2053,DOG
2054,DOG
2055,DOG
2056,DOG
2057,CAT
2058,DOG
2059,DOG
2060,DOG
2061,DOG
2062,DOG
2063,DOG
2064,DOG
2065,DOG
2066,DOG
2067,DOG
2068,DOG
2069,DOG
2070,DOG
2071,DOG
2072,DOG
2073,DOG
2074,DOG
2075,DOG
2076,DOG
2077,DOG
2078,DOG
2079,CAT
2080,DOG
2081,DOG
2082,DOG
2083,DOG
2084,DOG
2085,DOG
2086,DOG
2087,DOG
2088,DOG
2089,DOG
2090,DOG
2091,DOG
2092,DOG
2093,DOG
2094,DOG
2095,DOG
2096,DOG
2097,CAT
2098,DOG
2099,DOG
2100,DOG
2101,DOG
2102,DOG
2103,DOG
2104,DOG
2105,DOG
2106,DOG
2107,DOG
2108,DOG
2109,DOG
2110,RACCOON
2111,DOG
2112,RACCOON
2113,DOG
2114,DOG
2115,BAT
2116,DOG
2117,CAT
2118,CAT
2119,DOG
2120,DOG
2121,DOG
2122,DOG
2123,DOG
2124,CAT
2125,DOG
2126,DOG
2127,DOG
2128,DOG
2129,DOG
2130,CAT
2131,DOG
2132,DOG
2133,DOG
2134,DOG
2135,DOG
2136,DOG
2137,DOG
2138,DOG
2139,DOG
2140,CAT
2141,DOG
2142,DOG
2143,CAT
2144,DOG
2145,DOG
2146,CAT
2147,DOG
2148,DOG
2149,DOG
2150,DOG
2151,DOG
2152,CAT
2153,CAT
2154,DOG
2155,DOG
2156,DOG
2157,DOG
2158,DOG
2159,CAT
2160,DOG
2161,DOG
2162,DOG
2163,CAT
2164,DOG
2165,DOG
2166,DOG
2167,DOG
2168,DOG
2169,DOG
2170,
2171,DOG
2172,DOG
2173,DOG
2174,DOG
2175,DOG
2176,DOG
2177,BAT
2178,CAT
2179,CAT
2180,DOG
2181,CAT
2182,DOG
2183,CAT
2184,DOG
2185,DOG
2186,DOG
2187,DOG
2188,CAT
2189,DOG
2190,DOG
2191,CAT
2192,DOG
2193,CAT
2194,DOG
2195,CAT
2196,DOG
2197,DOG
2198,DOG
2199,DOG
2200,DOG
2201,DOG
2202,DOG
2203,DOG
2204,DOG
2205,DOG
2206,DOG
2207,DOG
2208,DOG
2209,CAT
2210,DOG
2211,DOG
2212,DOG
2213,DOG
2214,DOG
2215,DOG
2216,DOG
2217,CAT
2218,CAT
2219,BAT
2220,CAT
2221,CAT
2222,DOG
2223,CAT
2224,DOG
2225,DOG
2226,DOG
2227,CAT
2228,DOG
2229,DOG
2230,CAT
2231,CAT
2232,DOG
2233,DOG
2234,DOG
2235,DOG
2236,CAT
2237,DOG
2238,DOG
2239,DOG
2240,CAT
2241,DOG
2242,CAT
2243,DOG
2244,DOG
2245,DOG
2246,DOG
2247,DOG
2248,DOG
2249,CAT
2250,CAT
2251,DOG
2252,CAT
2253,DOG
2254,DOG
2255,DOG
2256,DOG
2257,DOG
2258,DOG
2259,DOG
2260,DOG
2261,DOG
2262,DOG
2263,CAT
2264,DOG
2265,DOG
2266,DOG
2267,DOG
2268,CAT
2269,DOG
2270,CAT
2271,DOG
2272,DOG
2273,CAT
2274,DOG
2275,DOG
2276,CAT
2277,DOG
2278,DOG
2279,DOG
2280,DOG
2281,DOG
2282,DOG
2283,RACCOON
2284,DOG
2285,DOG
2286,DOG
2287,DOG
2288,DOG
2289,DOG
2290,DOG
2291,CAT
2292,DOG
2293,DOG
2294,DOG
2295,DOG
2296,DOG
2297,DOG
2298,CAT
2299,DOG
2300,CAT
2301,DOG
2302,DOG
2303,CAT
2304,DOG
2305,DOG
2306,DOG
2307,DOG
2308,DOG
2309,DOG
2310,CAT
2311,DOG
2312,DOG
2313,DOG
2314,DOG
2315,DOG
2316,DOG
2317,DOG
2318,DOG
2319,CAT
2320,DOG
2321,DOG
2322,DOG
2323,DOG
2324,DOG
2325,DOG
2326,CAT
2327,CAT
2328,DOG
2329,DOG
2330,CAT
2331,DOG
2332,DOG
2333,CAT
2334,CAT
2335,DOG
2336,DOG
2337,DOG
2338,CAT
2339,DOG
2340,DOG
2341,DOG
2342,DOG
2343,DOG
2344,CAT
2345,DOG
2346,DOG
2347,DOG
2348,CAT
2349,DOG
2350,DOG
2351,DOG
2352,CAT
2353,DOG
2354,DOG
2355,CAT
2356,DOG
2357,DOG
2358,DOG
2359,DOG
2360,DOG
2361,DOG
2362,DOG
2363,DOG
2364,DOG
2365,DOG
2366,DOG
2367,DOG
2368,DOG
2369,DOG
2370,CAT
2371,CAT
2372,DOG
2373,DOG
2374,CAT
2375,CAT
2376,DOG
2377,DOG
2378,CAT
2379,DOG
2380,DOG
2381,DOG
2382,DOG
2383,DOG
2384,DOG
2385,DOG
2386,DOG
2387,CAT
2388,DOG
2389,DOG
2390,DOG
2391,CAT
2392,DOG
2393,DOG
2394,DOG
2395,DOG
2396,DOG
2397,DOG
2398,DOG
2399,CAT
2400,DOG
2401,DOG
2402,DOG
2403,CAT
2404,DOG
2405,DOG
2406,DOG
2407,DOG
2408,DOG
2409,DOG
2410,CAT
2411,DOG
2412,DOG
2413,DOG
2414,CAT
2415,CAT
2416,DOG
2417,DOG
2418,CAT
2419,DOG
2420,DOG
2421,DOG
2422,DOG
2423,DOG
2424,CAT
2425,DOG
2426,DOG
2427,DOG
2428,DOG
2429,DOG
2430,DOG
2431,DOG
2432,DOG
2433,DOG
2434,DOG
2435,CAT
2436,DOG
2437,DOG
2438,DOG
2439,DOG
2440,DOG
2441,DOG
2442,CAT
2443,DOG
2444,DOG
2445,DOG
2446,CAT
2447,DOG
2448,DOG
2449,DOG
2450,DOG
2451,DOG
2452,DOG
2453,DOG
2454,DOG
2455,DOG
2456,DOG
2457,DOG
2458,DOG
2459,DOG
2460,DOG
2461,CAT
2462,DOG
2463,DOG
2464,CAT
2465,DOG
2466,DOG
2467,DOG
2468,DOG
2469,DOG
2470,DOG
2471,DOG
2472,DOG
2473,DOG
2474,DOG
2475,DOG
2476,DOG
2477,DOG
2478,DOG
2479,HORSE
2480,DOG
2481,DOG
2482,DOG
2483,CAT
2484,DOG
2485,DOG
2486,DOG
2487,DOG
2488,DOG
2489,DOG
2490,DOG
2491,DOG
2492,DOG
2493,CAT
2494,DOG
2495,DOG
2496,DOG
2497,DOG
2498,DOG
2499,DOG
2500,DOG
2501,DOG
2502,DOG
2503,DOG
2504,DOG
2505,CAT
2506,DOG
2507,DOG
2508,DOG
2509,DOG
2510,DOG
2511,DOG
2512,DOG
2513,DOG
2514,DOG
2515,CAT
2516,DOG
2517,DOG
2518,CAT
2519,CAT
2520,CAT
2521,DOG
2522,DOG
2523,DOG
2524,CAT
2525,CAT
2526,CAT
2527,DOG
2528,DOG
2529,DOG
2530,DOG
2531,DOG
2532,DOG
2533,CAT
2534,DOG
2535,CAT
2536,DOG
2537,DOG
2538,DOG
2539,DOG
2540,DOG
2541,DOG
2542,DOG
2543,DOG
2544,DOG
2545,DOG
2546,DOG
2547,DOG
2548,DOG
2549,DOG
2550,DOG
2551,CAT
2552,CAT
2553,CAT
2554,DOG
2555,DOG
2556,DOG
2557,DOG
2558,DOG
2559,DOG
2560,DOG
2561,CAT
2562,CAT
2563,DOG
2564,DOG
2565,DOG
2566,DOG
2567,DOG
2568,DOG
2569,DOG
2570,DOG
2571,DOG
2572,DOG
2573,DOG
2574,DOG
2575,DOG
2576,DOG
2577,DOG
2578,DOG
2579,CAT
2580,CAT
2581,DOG
2582,DOG
2583,DOG
2584,DOG
2585,DOG
2586,CAT
2587,DOG
2588,CAT
2589,CAT
2590,DOG
2591,DOG
2592,DOG
2593,DOG
2594,DOG
2595,DOG
2596,DOG
2597,DOG
2598,DOG
2599,CAT
2600,DOG
2601,DOG
2602,DOG
2603,DOG
2604,DOG
2605,DOG
2606,DOG
2607,DOG
2608,DOG
2609,CAT
2610,DOG
2611,DOG
2612,DOG
2613,DOG
2614,DOG
2615,CAT
2616,DOG
2617,DOG
2618,DOG
2619,DOG
2620,CAT
2621,
2622,
2623,DOG
2624,CAT
2625,DOG
2626,DOG
2627,CAT
2628,DOG
2629,CAT
2630,DOG
2631,CAT
2632,DOG
2633,DOG
2634,DOG
2635,CAT
2636,DOG
2637,DOG
2638,DOG
2639,DOG
2640,
2641,DOG
2642,DOG
2643,DOG
2644,DOG
2645,
2646,
2647,CAT
2648,DOG
2649,DOG
2650,DOG
2651,DOG
2652,CAT
2653,CAT
2654,DOG
2655,DOG
2656,DOG
2657,DOG
2658,DOG
2659,DOG
2660,DOG
2661,DOG
2662,CAT
2663,DOG
2664,CAT
2665,CAT
2666,DOG
2667,DOG
2668,DOG
2669,CAT
2670,DOG
2671,DOG
2672,DOG
2673,DOG
2674,DOG
2675,DOG
2676,DOG
2677,DOG
2678,DOG
2679,DOG
2680,DOG
2681,DOG
2682,DOG
2683,DOG
2684,DOG
2685,CAT
2686,DOG
2687,DOG
2688,DOG
2689,DOG
2690,DOG
2691,DOG
2692,CAT
2693,DOG
2694,DOG
2695,DOG
2696,DOG
2697,DOG
2698,
2699,DOG
2700,CAT
2701,DOG
2702,CAT
2703,CAT
2704,DOG
2705,DOG
2706,DOG
2707,CAT
2708,DOG
2709,DOG
2710,CAT
2711,DOG
2712,CAT
2713,
2714,DOG
2715,
2716,DOG
2717,DOG
2718,DOG
2719,DOG
2720,RABBIT
2721,
2722,DOG
2723,CAT
2724,DOG
2725,
2726,DOG
2727,DOG
2728,CAT
2729,DOG
2730,
2731,DOG
2732,DOG
2733,DOG
2734,DOG
2735,DOG
2736,DOG
2737,DOG
2738,DOG
2739,DOG
2740,DOG
2741,DOG
2742,CAT
2743,DOG
2744,DOG
2745,DOG
2746,
2747,DOG
2748,DOG
2749,DOG
2750,DOG
2751,DOG
2752,DOG
2753,DOG
2754,DOG
2755,DOG
2756,DOG
2757,DOG
2758,DOG
2759,
2760,DOG
2761,CAT
2762,DOG
2763,DOG
2764,DOG
2765,CAT
2766,DOG
2767,CAT
2768,CAT
2769,DOG
2770,DOG
2771,DOG
2772,CAT
2773,DOG
2774,DOG
2775,DOG
2776,DOG
2777,DOG
2778,DOG
2779,DOG
2780,CAT
2781,DOG
2782,CAT
2783,CAT
2784,DOG
2785,CAT
2786,DOG
2787,CAT
2788,CAT
2789,DOG
2790,DOG
2791,DOG
2792,DOG
2793,
2794,CAT
2795,CAT
2796,DOG
2797,DOG
2798,DOG
2799,DOG
2800,DOG
2801,DOG
2802,DOG
2803,DOG
2804,DOG
2805,DOG
2806,DOG
2807,DOG
2808,DOG
2809,DOG
2810,DOG
2811,DOG
2812,DOG
2813,DOG
2814,CAT
2815,DOG
2816,DOG
2817,DOG
2818,DOG
2819,DOG
2820,DOG
2821,DOG
2822,DOG
2823,DOG
2824,DOG
2825,DOG
2826,DOG
2827,DOG
2828,DOG
2829,DOG
2830,DOG
2831,CAT
2832,DOG
2833,CAT
2834,DOG
2835,
2836,DOG
2837,CAT
2838,DOG
2839,DOG
2840,DOG
2841,DOG
2842,
2843,DOG
2844,DOG
2845,CAT
2846,DOG
2847,DOG
2848,DOG
2849,DOG
2850,CAT
2851,DOG
2852,DOG
2853,DOG
2854,DOG
2855,DOG
2856,DOG
2857,DOG
2858,CAT
2859,DOG
2860,DOG
2861,DOG
2862,DOG
2863,DOG
2864,DOG
2865,DOG
2866,DOG
2867,DOG
2868,DOG
2869,OTHER
2870,CAT
2871,DOG
2872,DOG
2873,OTHER
2874,
2875,DOG
2876,
2877,CAT
2878,DOG
2879,DOG
2880,DOG
2881,DOG
2882,DOG
2883,DOG
2884,CAT
2885,DOG
2886,DOG
2887,DOG
2888,DOG
2889,CAT
2890,DOG
2891,DOG
2892,DOG
2893,DOG
2894,DOG
2895,DOG
2896,DOG
2897,
2898,DOG
2899,CAT
2900,DOG
2901,DOG
2902,
2903,DOG
2904,DOG
2905,DOG
2906,DOG
2907,DOG
2908,DOG
2909,DOG
2910,DOG
2911,
2912,DOG
2913,DOG
2914,DOG
2915,DOG
2916,CAT
2917,
2918,DOG
2919,DOG
2920,DOG
2921,DOG
2922,DOG
2923,DOG
2924,DOG
2925,DOG
2926,DOG
2927,DOG
2928,DOG
2929,DOG
2930,DOG
2931,DOG
2932,DOG
2933,DOG
2934,DOG
2935,DOG
2936,DOG
2937,DOG
2938,DOG
2939,DOG
2940,DOG
2941,DOG
2942,DOG
2943,DOG
2944,CAT
2945,
2946,DOG
2947,DOG
2948,
2949,DOG
2950,DOG
2951,DOG
2952,DOG
2953,DOG
2954,
2955,DOG
2956,DOG
2957,DOG
2958,DOG
2959,DOG
2960,DOG
2961,DOG
2962,DOG
2963,DOG
2964,DOG
2965,DOG
2966,DOG
2967,
2968,
2969,DOG
2970,DOG
2971,DOG
2972,DOG
2973,CAT
2974,DOG
2975,DOG
2976,DOG
2977,DOG
2978,DOG
2979,DOG
2980,DOG
2981,DOG
2982,DOG
2983,DOG
2984,CAT
2985,DOG
2986,DOG
2987,DOG
2988,DOG
2989,DOG
2990,DOG
2991,CAT
2992,DOG
2993,DOG
2994,CAT
2995,DOG
2996,CAT
2997,DOG
2998,CAT
2999,DOG
3000,DOG
3001,DOG
3002,DOG
3003,DOG
3004,CAT
3005,DOG
3006,CAT
3007,CAT
3008,
3009,DOG
3010,DOG
3011,DOG
3012,DOG
3013,DOG
3014,DOG
3015,DOG
3016,CAT
3017,DOG
3018,DOG
3019,DOG
3020,DOG
3021,DOG
3022,DOG
3023,DOG
3024,CAT
3025,DOG
3026,DOG
3027,CAT
3028,DOG
3029,
3030,
3031,
3032,DOG
3033,DOG
3034,DOG
3035,DOG
3036,DOG
3037,DOG
3038,DOG
3039,DOG
3040,DOG
3041,CAT
3042,DOG
3043,DOG
3044,DOG
3045,CAT
3046,CAT
3047,CAT
3048,
3049,DOG
3050,DOG
3051,DOG
3052,DOG
3053,DOG
3054,DOG
3055,
3056,
3057,DOG
3058,DOG
3059,DOG
3060,DOG
3061,DOG
3062,CAT
3063,CAT
3064,DOG
3065,CAT
3066,DOG
3067,CAT
3068,DOG
3069,DOG
3070,DOG
3071,DOG
3072,DOG
3073,
3074,
3075,DOG
3076,CAT
3077,DOG
3078,DOG
3079,DOG
3080,DOG
3081,DOG
3082,DOG
3083,DOG
3084,
3085,DOG
3086,CAT
3087,DOG
3088,DOG
3089,DOG
3090,DOG
3091,
3092,CAT
3093,DOG
3094,CAT
3095,DOG
3096,DOG
3097,DOG
3098,DOG
3099,DOG
3100,CAT
3101,DOG
3102,DOG
3103,DOG
3104,DOG
3105,DOG
3106,DOG
3107,
3108,
3109,DOG
3110,DOG
3111,DOG
3112,DOG
3113,DOG
3114,DOG
3115,DOG
3116,DOG
3117,DOG
3118,
3119,DOG
3120,CAT
3121,DOG
3122,DOG
3123,DOG
3124,DOG
3125,CAT
3126,DOG
3127,DOG
3128,DOG
3129,DOG
3130,DOG
3131,CAT
3132,DOG
3133,DOG
3134,CAT
3135,DOG
3136,DOG
3137,
3138,DOG
3139,DOG
3140,DOG
3141,DOG
3142,CAT
3143,DOG
3144,CAT
3145,DOG
3146,DOG
3147,CAT
3148,DOG
3149,CAT
3150,DOG
3151,CAT
3152,CAT
3153,DOG
3154,DOG
3155,DOG
3156,DOG
3157,DOG
3158,DOG
3159,DOG
3160,DOG
3161,DOG
3162,DOG
3163,DOG
3164,CAT
3165,CAT
3166,CAT
3167,DOG
3168,DOG
3169,DOG
3170,DOG
3171,DOG
3172,DOG
3173,DOG
3174,DOG
3175,CAT
3176,CAT
3177,DOG
3178,DOG
3179,DOG
3180,DOG
3181,DOG
3182,DOG
3183,CAT
3184,DOG
3185,DOG
3186,DOG
3187,DOG
3188,DOG
3189,DOG
3190,DOG
3191,DOG
3192,DOG
3193,DOG
3194,DOG
3195,DOG
3196,DOG
3197,DOG
3198,DOG
3199,DOG
3200,DOG
3201,DOG
3202,
3203,DOG
3204,DOG
3205,DOG
3206,CAT
3207,DOG
3208,DOG
3209,DOG
3210,DOG
3211,DOG
3212,CAT
3213,CAT
3214,CAT
3215,DOG
3216,DOG
3217,DOG
3218,CAT
3219,DOG
3220,CAT
3221,CAT
3222,DOG
3223,DOG
3224,CAT
3225,DOG
3226,DOG
3227,CAT
3228,DOG
3229,DOG
3230,DOG
3231,DOG
3232,DOG
3233,CAT
3234,DOG
3235,CAT
3236,CAT
3237,DOG
3238,DOG
3239,DOG
3240,DOG
3241,DOG
3242,DOG
3243,CAT
3244,CAT
3245,DOG
3246,DOG
3247,CAT
3248,DOG
3249,DOG
3250,DOG
3251,DOG
3252,CAT
3253,DOG
3254,DOG
3255,SKUNK
3256,DOG
3257,DOG
3258,DOG
3259,DOG
3260,DOG
3261,DOG
3262,DOG
3263,DOG
3264,DOG
3265,DOG
3266,DOG
3267,DOG
3268,DOG
3269,DOG
3270,DOG
3271,DOG
3272,DOG
3273,DOG
3274,DOG
3275,DOG
3276,DOG
3277,DOG
3278,CAT
3279,DOG
3280,CAT
3281,DOG
3282,DOG
3283,DOG
3284,CAT
3285,DOG
3286,DOG
3287,CAT
3288,DOG
3289,CAT
3290,DOG
3291,CAT
3292,CAT
3293,DOG
3294,DOG
3295,DOG
3296,DOG
3297,DOG
3298,DOG
3299,DOG
3300,DOG
3301,DOG
3302,DOG
3303,DOG
3304,DOG
3305,CAT
3306,CAT
3307,CAT
3308,DOG
3309,DOG
3310,DOG
3311,DOG
3312,DOG
3313,DOG
3314,DOG
3315,DOG
3316,DOG
3317,DOG
3318,DOG
3319,DOG
3320,DOG
3321,DOG
3322,DOG
3323,DOG
3324,DOG
3325,DOG
3326,DOG
3327,DOG
3328,DOG
3329,DOG
3330,CAT
3331,DOG
3332,DOG
3333,CAT
3334,DOG
3335,DOG
3336,DOG
3337,
3338,DOG
3339,DOG
3340,DOG
3341,DOG
3342,DOG
3343,DOG
3344,DOG
3345,DOG
3346,DOG
3347,DOG
3348,DOG
3349,DOG
3350,DOG
3351,DOG
3352,DOG
3353,DOG
3354,DOG
3355,CAT
3356,DOG
3357,DOG
3358,DOG
3359,DOG
3360,DOG
3361,DOG
3362,DOG
3363,DOG
3364,DOG
3365,DOG
3366,DOG
3367,DOG
3368,CAT
3369,DOG
3370,CAT
3371,DOG
3372,DOG
3373,DOG
3374,CAT
3375,DOG
3376,CAT
3377,CAT
3378,DOG
3379,DOG
3380,DOG
3381,CAT
3382,CAT
3383,DOG
3384,DOG
3385,DOG
3386,CAT
3387,DOG
3388,DOG
3389,DOG
3390,CAT
3391,CAT
3392,CAT
3393,DOG
3394,DOG
3395,DOG
3396,CAT
3397,DOG
3398,CAT
3399,DOG
3400,DOG
3401,DOG
3402,CAT
3403,DOG
3404,DOG
3405,CAT
3406,DOG
3407,DOG
3408,DOG
3409,DOG
3410,DOG
3411,DOG
3412,DOG
3413,DOG
3414,DOG
3415,DOG
3416,DOG
3417,DOG
3418,CAT
3419,DOG
3420,DOG
3421,DOG
3422,DOG
3423,DOG
3424,DOG
3425,DOG
3426,DOG
3427,DOG
3428,DOG
3429,DOG
3430,CAT
3431,CAT
3432,DOG
3433,DOG
3434,DOG
3435,
3436,DOG
3437,DOG
3438,DOG
3439,DOG
3440,DOG
3441,
3442,CAT
3443,DOG
3444,DOG
3445,DOG
3446,DOG
3447,DOG
3448,DOG
3449,CAT
3450,DOG
3451,DOG
3452,DOG
3453,DOG
3454,DOG
3455,DOG
3456,DOG
3457,CAT
3458,DOG
3459,DOG
3460,DOG
3461,CAT
3462,DOG
3463,DOG
3464,DOG
3465,DOG
3466,DOG
3467,CAT
3468,DOG
3469,DOG
3470,DOG
3471,DOG
3472,CAT
3473,DOG
3474,DOG
3475,DOG
3476,DOG
3477,DOG
3478,CAT
3479,CAT
3480,DOG
3481,DOG
3482,DOG
3483,CAT
3484,DOG
3485,DOG
3486,DOG
3487,DOG
3488,DOG
3489,DOG
3490,DOG
3491,CAT
3492,CAT
3493,DOG
3494,DOG
3495,DOG
3496,DOG
3497,DOG
3498,DOG
3499,DOG
3500,DOG
3501,DOG
3502,DOG
3503,CAT
3504,DOG
3505,DOG
3506,DOG
3507,DOG
3508,CAT
3509,CAT
3510,DOG
3511,DOG
3512,DOG
3513,DOG
3514,DOG
3515,DOG
3516,DOG
3517,DOG
3518,DOG
3519,DOG
3520,DOG
3521,DOG
3522,DOG
3523,DOG
3524,DOG
3525,CAT
3526,
3527,DOG
3528,DOG
3529,DOG
3530,CAT
3531,DOG
3532,DOG
3533,DOG
3534,DOG
3535,
3536,CAT
3537,DOG
3538,DOG
3539,DOG
3540,
3541,DOG
3542,DOG
3543,DOG
3544,DOG
3545,DOG
3546,DOG
3547,DOG
3548,DOG
3549,CAT
3550,DOG
3551,DOG
3552,DOG
3553,DOG
3554,CAT
3555,DOG
3556,DOG
3557,CAT
3558,DOG
3559,DOG
3560,DOG
3561,DOG
3562,DOG
3563,DOG
3564,CAT
3565,
3566,DOG
3567,DOG
3568,DOG
3569,
3570,CAT
3571,CAT
3572,DOG
3573,DOG
3574,DOG
3575,DOG
3576,DOG
3577,DOG
3578,DOG
3579,DOG
3580,DOG
3581,DOG
3582,DOG
3583,
3584,DOG
3585,CAT
3586,DOG
3587,DOG
3588,DOG
3589,DOG
3590,DOG
3591,DOG
3592,DOG
3593,DOG
3594,DOG
3595,DOG
3596,DOG
3597,DOG
3598,DOG
3599,DOG
3600,DOG
3601,DOG
3602,DOG
3603,DOG
3604,DOG
3605,DOG
3606,DOG
3607,DOG
3608,DOG
3609,CAT
3610,DOG
3611,DOG
3612,DOG
3613,CAT
3614,DOG
3615,DOG
3616,DOG
3617,DOG
3618,DOG
3619,DOG
3620,DOG
3621,DOG
3622,DOG
3623,CAT
3624,DOG
3625,DOG
3626,DOG
3627,DOG
3628,DOG
3629,DOG
3630,DOG
3631,DOG
3632,DOG
3633,DOG
3634,DOG
3635,DOG
3636,DOG
3637,DOG
3638,DOG
3639,DOG
3640,CAT
3641,CAT
3642,CAT
3643,CAT
3644,DOG
3645,DOG
3646,DOG
3647,DOG
3648,CAT
3649,DOG
3650,DOG
3651,DOG
3652,DOG
3653,DOG
3654,CAT
3655,DOG
3656,CAT
3657,DOG
3658,DOG
3659,DOG
3660,DOG
3661,DOG
3662,DOG
3663,CAT
3664,DOG
3665,DOG
3666,DOG
3667,DOG
3668,CAT
3669,DOG
3670,DOG
3671,DOG
3672,DOG
3673,DOG
3674,DOG
3675,DOG
3676,CAT
3677,DOG
3678,DOG
3679,DOG
3680,DOG
3681,DOG
3682,DOG
3683,CAT
3684,DOG
3685,CAT
3686,DOG
3687,DOG
3688,DOG
3689,CAT
3690,CAT
3691,CAT
3692,DOG
3693,DOG
3694,CAT
3695,DOG
3696,CAT
3697,DOG
3698,DOG
3699,DOG
3700,DOG
3701,DOG
3702,CAT
3703,CAT
3704,DOG
3705,CAT
3706,DOG
3707,DOG
3708,DOG
3709,DOG
3710,DOG
3711,DOG
3712,DOG
3713,DOG
3714,DOG
3715,DOG
3716,DOG
3717,DOG
3718,DOG
3719,CAT
3720,CAT
3721,DOG
3722,DOG
3723,DOG
3724,DOG
3725,CAT
3726,DOG
3727,DOG
3728,DOG
3729,DOG
3730,DOG
3731,DOG
3732,DOG
3733,DOG
3734,DOG
3735,DOG
3736,DOG
3737,DOG
3738,CAT
3739,DOG
3740,CAT
3741,DOG
3742,DOG
3743,DOG
3744,DOG
3745,DOG
3746,DOG
3747,DOG
3748,DOG
3749,DOG
3750,DOG
3751,DOG
3752,
3753,DOG
3754,DOG
3755,DOG
3756,DOG
3757,DOG
3758,DOG
3759,DOG
3760,DOG
3761,DOG
3762,DOG
3763,DOG
3764,DOG
3765,DOG
3766,DOG
3767,DOG
3768,DOG
3769,DOG
3770,DOG
3771,CAT
3772,DOG
3773,DOG
3774,DOG
3775,DOG
3776,DOG
3777,DOG
3778,DOG
3779,CAT
3780,CAT
3781,DOG
3782,DOG
3783,DOG
3784,DOG
3785,DOG
3786,DOG
3787,DOG
3788,CAT
3789,CAT
3790,CAT
3791,DOG
3792,DOG
3793,DOG
3794,DOG
3795,DOG
3796,DOG
3797,DOG
3798,DOG
3799,DOG
3800,DOG
3801,DOG
3802,DOG
3803,DOG
3804,DOG
3805,DOG
3806,DOG
3807,CAT
3808,CAT
3809,DOG
3810,DOG
3811,CAT
3812,CAT
3813,DOG
3814,DOG
3815,DOG
3816,DOG
3817,DOG
3818,DOG
3819,DOG
3820,DOG
3821,DOG
3822,DOG
3823,DOG
3824,DOG
3825,DOG
3826,DOG
3827,DOG
3828,DOG
3829,DOG
3830,DOG
3831,DOG
3832,DOG
3833,DOG
3834,CAT
3835,CAT
3836,DOG
3837,DOG
3838,DOG
3839,DOG
3840,CAT
3841,CAT
3842,DOG
3843,DOG
3844,DOG
3845,DOG
3846,CAT
3847,CAT
3848,DOG
3849,DOG
3850,DOG
3851,CAT
3852,DOG
3853,DOG
3854,DOG
3855,DOG
3856,DOG
3857,DOG
3858,DOG
3859,CAT
3860,DOG
3861,CAT
3862,DOG
3863,DOG
3864,DOG
3865,DOG
3866,DOG
3867,CAT
3868,DOG
3869,DOG
3870,CAT
3871,DOG
3872,DOG
3873,CAT
3874,DOG
3875,DOG
3876,DOG
3877,DOG
3878,DOG
3879,DOG
3880,DOG
3881,CAT
3882,DOG
3883,DOG
3884,CAT
3885,DOG
3886,DOG
3887,DOG
3888,DOG
3889,CAT
3890,DOG
3891,DOG
3892,DOG
3893,
3894,CAT
3895,DOG
3896,CAT
3897,CAT
3898,DOG
3899,DOG
3900,DOG
3901,DOG
3902,DOG
3903,CAT
3904,DOG
3905,CAT
3906,DOG
3907,DOG
3908,DOG
3909,CAT
3910,DOG
3911,CAT
3912,DOG
3913,CAT
3914,
3915,CAT
3916,DOG
3917,DOG
3918,DOG
3919,DOG
3920,CAT
3921,DOG
3922,DOG
3923,DOG
3924,CAT
3925,CAT
3926,DOG
3927,DOG
3928,DOG
3929,CAT
3930,DOG
3931,DOG
3932,DOG
3933,DOG
3934,DOG
3935,CAT
3936,CAT
3937,DOG
3938,DOG
3939,DOG
3940,DOG
3941,DOG
3942,CAT
3943,DOG
3944,DOG
3945,DOG
3946,DOG
3947,CAT
3948,DOG
3949,DOG
3950,DOG
3951,DOG
3952,CAT
3953,DOG
3954,DOG
3955,DOG
3956,CAT
3957,DOG
3958,DOG
3959,DOG
3960,DOG
3961,DOG
3962,DOG
3963,DOG
3964,CAT
3965,DOG
3966,DOG
3967,DOG
3968,DOG
3969,DOG
3970,DOG
3971,DOG
3972,DOG
3973,DOG
3974,DOG
3975,DOG
3976,DOG
3977,DOG
3978,OTHER
3979,CAT
3980,DOG
3981,DOG
3982,DOG
3983,DOG
3984,CAT
3985,CAT
3986,DOG
3987,CAT
3988,DOG
3989,DOG
3990,DOG
3991,DOG
3992,DOG
3993,DOG
3994,DOG
3995,DOG
3996,DOG
3997,DOG
3998,DOG
3999,DOG
4000,DOG
4001,DOG
4002,DOG
4003,DOG
4004,DOG
4005,DOG
4006,DOG
4007,DOG
4008,DOG
4009,DOG
4010,DOG
4011,DOG
4012,DOG
4013,CAT
4014,CAT
4015,DOG
4016,DOG
4017,DOG
4018,CAT
4019,CAT
4020,DOG
4021,CAT
4022,DOG
4023,DOG
4024,DOG
4025,DOG
4026,DOG
4027,DOG
4028,CAT
4029,DOG
4030,DOG
4031,DOG
4032,DOG
4033,DOG
4034,CAT
4035,DOG
4036,CAT
4037,DOG
4038,DOG
4039,DOG
4040,CAT
4041,DOG
4042,DOG
4043,CAT
4044,CAT
4045,DOG
4046,DOG
4047,DOG
4048,DOG
4049,CAT
4050,DOG
4051,DOG
4052,DOG
4053,DOG
4054,DOG
4055,CAT
4056,DOG
4057,DOG
4058,DOG
4059,DOG
4060,DOG
4061,DOG
4062,CAT
4063,DOG
4064,DOG
4065,DOG
4066,DOG
4067,DOG
4068,DOG
4069,DOG
4070,DOG
4071,DOG
4072,CAT
4073,DOG
4074,DOG
4075,DOG
4076,DOG
4077,DOG
4078,DOG
4079,DOG
4080,DOG
4081,DOG
4082,DOG
4083,CAT
4084,DOG
4085,DOG
4086,DOG
4087,DOG
4088,DOG
4089,DOG
4090,CAT
4091,DOG
4092,DOG
4093,DOG
4094,DOG
4095,CAT
4096,CAT
4097,DOG
4098,CAT
4099,DOG
4100,DOG
4101,CAT
4102,DOG
4103,DOG
4104,DOG
4105,DOG
4106,DOG
4107,DOG
4108,DOG
4109,DOG
4110,CAT
4111,DOG
4112,DOG
4113,CAT
4114,CAT
4115,DOG
4116,CAT
4117,DOG
4118,CAT
4119,CAT
4120,CAT
4121,DOG
4122,DOG
4123,DOG
4124,DOG
4125,DOG
4126,DOG
4127,CAT
4128,CAT
4129,CAT
4130,DOG
4131,CAT
4132,DOG
4133,DOG
4134,CAT
4135,DOG
4136,CAT
4137,DOG
4138,DOG
4139,DOG
4140,DOG
4141,CAT
4142,DOG
4143,DOG
4144,DOG
4145,DOG
4146,DOG
4147,DOG
4148,DOG
4149,DOG
4150,CAT
4151,DOG
4152,DOG
4153,DOG
4154,DOG
4155,DOG
4156,DOG
4157,DOG
4158,DOG
4159,DOG
4160,DOG
4161,DOG
4162,DOG
4163,CAT
4164,DOG
4165,DOG
4166,CAT
4167,DOG
4168,DOG
4169,CAT
4170,DOG
4171,DOG
4172,DOG
4173,DOG
4174,DOG
4175,DOG
4176,DOG
4177,DOG
4178,DOG
4179,CAT
4180,DOG
4181,DOG
4182,CAT
4183,CAT
4184,DOG
4185,DOG
4186,DOG
4187,DOG
4188,DOG
4189,DOG
4190,DOG
4191,DOG
4192,DOG
4193,DOG
4194,DOG
4195,DOG
4196,DOG
4197,DOG
4198,DOG
4199,
4200,DOG
4201,DOG
4202,
4203,DOG
4204,DOG
4205,DOG
4206,DOG
4207,
4208,DOG
4209,DOG
4210,DOG
4211,DOG
4212,DOG
4213,DOG
4214,DOG
4215,DOG
4216,DOG
4217,CAT
4218,CAT
4219,DOG
4220,DOG
4221,DOG
4222,DOG
4223,DOG
4224,DOG
4225,
4226,CAT
4227,DOG
4228,CAT
4229,DOG
4230,CAT
4231,DOG
4232,CAT
4233,CAT
4234,DOG
4235,DOG
4236,DOG
4237,DOG
4238,DOG
4239,DOG
4240,DOG
4241,DOG
4242,DOG
4243,CAT
4244,DOG
4245,DOG
4246,DOG
4247,CAT
4248,DOG
4249,DOG
4250,CAT
4251,DOG
4252,DOG
4253,DOG
4254,DOG
4255,DOG
4256,DOG
4257,DOG
4258,DOG
4259,DOG
4260,DOG
4261,DOG
4262,DOG
4263,CAT
4264,DOG
4265,DOG
4266,CAT
4267,CAT
4268,CAT
4269,DOG
4270,DOG
4271,DOG
4272,DOG
4273,DOG
4274,DOG
4275,DOG
4276,DOG
4277,DOG
4278,DOG
4279,CAT
4280,DOG
4281,CAT
4282,DOG
4283,CAT
4284,DOG
4285,CAT
4286,CAT
4287,DOG
4288,DOG
4289,DOG
4290,DOG
4291,DOG
4292,DOG
4293,DOG
4294,DOG
4295,DOG
4296,CAT
4297,DOG
4298,DOG
4299,DOG
4300,DOG
4301,DOG
4302,DOG
4303,DOG
4304,DOG
4305,DOG
4306,DOG
4307,DOG
4308,DOG
4309,DOG
4310,DOG
4311,DOG
4312,DOG
4313,DOG
4314,DOG
4315,DOG
4316,CAT
4317,CAT
4318,CAT
4319,DOG
4320,DOG
4321,CAT
4322,DOG
4323,CAT
4324,DOG
4325,DOG
4326,CAT
4327,DOG
4328,
4329,DOG
4330,DOG
4331,DOG
4332,DOG
4333,DOG
4334,CAT
4335,DOG
4336,DOG
4337,DOG
4338,DOG
4339,DOG
4340,DOG
4341,DOG
4342,DOG
4343,DOG
4344,DOG
4345,DOG
4346,DOG
4347,DOG
4348,DOG
4349,DOG
4350,DOG
4351,DOG
4352,DOG
4353,DOG
4354,DOG
4355,CAT
4356,DOG
4357,CAT
4358,DOG
4359,DOG
4360,DOG
4361,DOG
4362,DOG
4363,DOG
4364,DOG
4365,DOG
4366,CAT
4367,DOG
4368,DOG
4369,DOG
4370,DOG
4371,DOG
4372,DOG
4373,CAT
4374,DOG
4375,DOG
4376,DOG
4377,CAT
4378,DOG
4379,DOG
4380,CAT
4381,DOG
4382,DOG
4383,DOG
4384,CAT
4385,DOG
4386,DOG
4387,DOG
4388,DOG
4389,DOG
4390,DOG
4391,DOG
4392,DOG
4393,DOG
4394,CAT
4395,DOG
4396,DOG
4397,CAT
4398,DOG
4399,DOG
4400,DOG
4401,DOG
4402,DOG
4403,CAT
4404,DOG
4405,DOG
4406,DOG
4407,DOG
4408,DOG
4409,CAT
4410,DOG
4411,CAT
4412,CAT
4413,CAT
4414,DOG
4415,DOG
4416,DOG
4417,DOG
4418,DOG
4419,CAT
4420,DOG
4421,DOG
4422,DOG
4423,DOG
4424,DOG
4425,DOG
4426,CAT
4427,CAT
4428,CAT
4429,CAT
4430,DOG
4431,DOG
4432,DOG
4433,DOG
4434,RABBIT
4435,DOG
4436,CAT
4437,CAT
4438,CAT
4439,CAT
4440,CAT
4441,DOG
4442,DOG
4443,CAT
4444,DOG
4445,CAT
4446,DOG
4447,DOG
4448,DOG
4449,DOG
4450,DOG
4451,DOG
4452,DOG
4453,DOG
4454,DOG
4455,CAT
4456,DOG
4457,DOG
4458,DOG
4459,DOG
4460,DOG
4461,DOG
4462,DOG
4463,DOG
4464,DOG
4465,CAT
4466,CAT
4467,DOG
4468,DOG
4469,DOG
4470,CAT
4471,DOG
4472,DOG
4473,DOG
4474,DOG
4475,DOG
4476,DOG
4477,DOG
4478,DOG
4479,DOG
4480,DOG
4481,DOG
4482,DOG
4483,DOG
4484,CAT
4485,DOG
4486,CAT
4487,DOG
4488,DOG
4489,DOG
4490,DOG
4491,DOG
4492,DOG
4493,DOG
4494,DOG
4495,DOG
4496,DOG
4497,DOG
4498,CAT
4499,DOG
4500,DOG
4501,DOG
4502,DOG
4503,DOG
4504,CAT
4505,DOG
4506,DOG
4507,CAT
4508,DOG
4509,DOG
4510,DOG
4511,DOG
4512,CAT
4513,CAT
4514,DOG
4515,DOG
4516,CAT
4517,DOG
4518,DOG
4519,DOG
4520,DOG
4521,DOG
4522,DOG
4523,DOG
4524,DOG
4525,DOG
4526,DOG
4527,DOG
4528,CAT
4529,DOG
4530,CAT
4531,DOG
4532,DOG
4533,DOG
4534,DOG
4535,DOG
4536,DOG
4537,DOG
4538,DOG
4539,DOG
4540,DOG
4541,DOG
4542,DOG
4543,CAT
4544,CAT
4545,DOG
4546,DOG
4547,DOG
4548,DOG
4549,DOG
4550,DOG
4551,DOG
4552,DOG
4553,DOG
4554,DOG
4555,DOG
4556,DOG
4557,DOG
4558,DOG
4559,CAT
4560,DOG
4561,DOG
4562,CAT
4563,DOG
4564,CAT
4565,DOG
4566,DOG
4567,DOG
4568,DOG
4569,CAT
4570,DOG
4571,DOG
4572,CAT
4573,DOG
4574,DOG
4575,DOG
4576,DOG
4577,CAT
4578,CAT
4579,DOG
4580,DOG
4581,DOG
4582,DOG
4583,DOG
4584,DOG
4585,DOG
4586,DOG
4587,DOG
4588,DOG
4589,DOG
4590,CAT
4591,DOG
4592,DOG
4593,DOG
4594,DOG
4595,DOG
4596,CAT
4597,CAT
4598,DOG
4599,CAT
4600,CAT
4601,DOG
4602,DOG
4603,DOG
4604,DOG
4605,DOG
4606,DOG
4607,DOG
4608,DOG
4609,DOG
4610,DOG
4611,DOG
4612,DOG
4613,DOG
4614,DOG
4615,DOG
4616,DOG
4617,DOG
4618,CAT
4619,DOG
4620,DOG
4621,DOG
4622,CAT
4623,DOG
4624,CAT
4625,DOG
4626,DOG
4627,CAT
4628,DOG
4629,DOG
4630,DOG
4631,DOG
4632,DOG
4633,DOG
4634,DOG
4635,DOG
4636,DOG
4637,DOG
4638,CAT
4639,CAT
4640,DOG
4641,DOG
4642,DOG
4643,DOG
4644,CAT
4645,DOG
4646,DOG
4647,DOG
4648,DOG
4649,DOG
4650,CAT
4651,DOG
4652,DOG
4653,
4654,DOG
4655,DOG
4656,CAT
4657,DOG
4658,BAT
4659,DOG
4660,DOG
4661,DOG
4662,DOG
4663,DOG
4664,BAT
4665,BAT
4666,BAT
4667,DOG
4668,DOG
4669,CAT
4670,DOG
4671,DOG
4672,DOG
4673,DOG
4674,DOG
4675,DOG
4676,DOG
4677,DOG
4678,CAT
4679,DOG
4680,DOG
4681,CAT
4682,DOG
4683,DOG
4684,BAT
4685,DOG
4686,DOG
4687,DOG
4688,CAT
4689,DOG
4690,CAT
4691,CAT
4692,DOG
4693,DOG
4694,DOG
4695,CAT
4696,DOG
4697,DOG
4698,DOG
4699,CAT
4700,
4701,DOG
4702,DOG
4703,DOG
4704,DOG
4705,DOG
4706,DOG
4707,DOG
4708,DOG
4709,DOG
4710,DOG
4711,CAT
4712,DOG
4713,DOG
4714,DOG
4715,DOG
4716,DOG
4717,CAT
4718,DOG
4719,DOG
4720,DOG
4721,DOG
4722,DOG
4723,DOG
4724,DOG
4725,DOG
4726,CAT
4727,DOG
4728,DOG
4729,DOG
4730,DOG
4731,DOG
4732,DOG
4733,DOG
4734,DOG
4735,DOG
4736,DOG
4737,DOG
4738,DOG
4739,DOG
4740,DOG
4741,DOG
4742,DOG
4743,DOG
4744,DOG
4745,DOG
4746,DOG
4747,CAT
4748,CAT
4749,DOG
4750,DOG
4751,DOG
4752,DOG
4753,CAT
4754,DOG
4755,DOG
4756,DOG
4757,DOG
4758,DOG
4759,DOG
4760,DOG
4761,DOG
4762,DOG
4763,DOG
4764,
4765,CAT
4766,DOG
4767,DOG
4768,CAT
4769,DOG
4770,CAT
4771,CAT
4772,DOG
4773,DOG
4774,DOG
4775,CAT
4776,DOG
4777,DOG
4778,DOG
4779,DOG
4780,DOG
4781,DOG
4782,DOG
4783,DOG
4784,DOG
4785,DOG
4786,DOG
4787,DOG
4788,DOG
4789,DOG
4790,DOG
4791,CAT
4792,DOG
4793,DOG
4794,CAT
4795,DOG
4796,DOG
4797,DOG
4798,DOG
4799,CAT
4800,DOG
4801,DOG
4802,DOG
4803,CAT
4804,DOG
4805,DOG
4806,DOG
4807,DOG
4808,DOG
4809,DOG
4810,DOG
4811,DOG
4812,CAT
4813,DOG
4814,DOG
4815,DOG
4816,CAT
4817,DOG
4818,DOG
4819,DOG
4820,CAT
4821,DOG
4822,CAT
4823,DOG
4824,DOG
4825,DOG
4826,DOG
4827,DOG
4828,CAT
4829,DOG
4830,DOG
4831,DOG
4832,DOG
4833,DOG
4834,DOG
4835,DOG
4836,DOG
4837,DOG
4838,DOG
4839,DOG
4840,DOG
4841,CAT
4842,DOG
4843,DOG
4844,DOG
4845,DOG
4846,DOG
4847,RACCOON
4848,DOG
4849,DOG
4850,CAT
4851,DOG
4852,DOG
4853,DOG
4854,DOG
4855,DOG
4856,DOG
4857,DOG
4858,DOG
4859,DOG
4860,DOG
4861,CAT
4862,DOG
4863,DOG
4864,DOG
4865,DOG
4866,DOG
4867,DOG
4868,DOG
4869,DOG
4870,DOG
4871,DOG
4872,DOG
4873,DOG
4874,DOG
4875,CAT
4876,DOG
4877,DOG
4878,DOG
4879,DOG
4880,DOG
4881,DOG
4882,CAT
4883,CAT
4884,DOG
4885,DOG
4886,CAT
4887,DOG
4888,DOG
4889,DOG
4890,DOG
4891,DOG
4892,DOG
4893,DOG
4894,DOG
4895,DOG
4896,DOG
4897,DOG
4898,DOG
4899,DOG
4900,DOG
4901,DOG
4902,DOG
4903,DOG
4904,DOG
4905,DOG
4906,DOG
4907,DOG
4908,DOG
4909,DOG
4910,
4911,DOG
4912,DOG
4913,DOG
4914,DOG
4915,DOG
4916,CAT
4917,DOG
4918,CAT
4919,DOG
4920,DOG
4921,DOG
4922,DOG
4923,DOG
4924,DOG
4925,DOG
4926,CAT
4927,DOG
4928,DOG
4929,DOG
4930,DOG
4931,DOG
4932,DOG
4933,DOG
4934,DOG
4935,DOG
4936,DOG
4937,DOG
4938,DOG
4939,DOG
4940,DOG
4941,CAT
4942,DOG
4943,CAT
4944,DOG
4945,DOG
4946,DOG
4947,DOG
4948,CAT
4949,DOG
4950,CAT
4951,CAT
4952,DOG
4953,DOG
4954,CAT
4955,DOG
4956,DOG
4957,DOG
4958,DOG
4959,DOG
4960,DOG
4961,DOG
4962,CAT
4963,DOG
4964,CAT
4965,DOG
4966,DOG
4967,DOG
4968,DOG
4969,DOG
4970,
4971,DOG
4972,DOG
4973,DOG
4974,CAT
4975,CAT
4976,CAT
4977,DOG
4978,DOG
4979,DOG
4980,DOG
4981,DOG
4982,DOG
4983,DOG
4984,DOG
4985,DOG
4986,DOG
4987,DOG
4988,CAT
4989,DOG
4990,DOG
4991,CAT
4992,DOG
4993,DOG
4994,DOG
4995,CAT
4996,CAT
4997,DOG
4998,DOG
4999,DOG
5000,DOG
5001,CAT
5002,DOG
5003,DOG
5004,CAT
5005,DOG
5006,DOG
5007,CAT
5008,DOG
5009,DOG
5010,DOG
5011,DOG
5012,DOG
5013,DOG
5014,DOG
5015,CAT
5016,DOG
5017,DOG
5018,CAT
5019,DOG
5020,DOG
5021,CAT
5022,DOG
5023,CAT
5024,DOG
5025,DOG
5026,DOG
5027,DOG
5028,DOG
5029,CAT
5030,CAT
5031,DOG
5032,DOG
5033,CAT
5034,CAT
5035,DOG
5036,CAT
5037,DOG
5038,DOG
5039,DOG
5040,DOG
5041,DOG
5042,CAT
5043,DOG
5044,DOG
5045,DOG
5046,DOG
5047,DOG
5048,CAT
5049,DOG
5050,DOG
5051,DOG
5052,CAT
5053,DOG
5054,DOG
5055,CAT
5056,DOG
5057,DOG
5058,DOG
5059,DOG
5060,DOG
5061,DOG
5062,DOG
5063,DOG
5064,DOG
5065,DOG
5066,DOG
5067,DOG
5068,DOG
5069,DOG
5070,DOG
5071,DOG
5072,DOG
5073,DOG
5074,DOG
5075,DOG
5076,DOG
5077,CAT
5078,DOG
5079,DOG
5080,DOG
5081,DOG
5082,DOG
5083,DOG
5084,DOG
5085,CAT
5086,DOG
5087,DOG
5088,CAT
5089,DOG
5090,DOG
5091,DOG
5092,DOG
5093,DOG
5094,DOG
5095,DOG
5096,DOG
5097,DOG
5098,CAT
5099,DOG
5100,DOG
5101,DOG
5102,DOG
5103,CAT
5104,DOG
5105,DOG
5106,DOG
5107,DOG
5108,DOG
5109,DOG
5110,DOG
5111,DOG
5112,DOG
5113,DOG
5114,DOG
5115,CAT
5116,CAT
5117,DOG
5118,CAT
5119,DOG
5120,CAT
5121,CAT
5122,CAT
5123,DOG
5124,DOG
5125,DOG
5126,DOG
5127,DOG
5128,DOG
5129,DOG
5130,DOG
5131,CAT
5132,DOG
5133,DOG
5134,CAT
5135,DOG
5136,DOG
5137,DOG
5138,DOG
5139,DOG
5140,DOG
5141,
5142,DOG
5143,DOG
5144,DOG
5145,DOG
5146,DOG
5147,DOG
5148,DOG
5149,CAT
5150,DOG
5151,DOG
5152,DOG
5153,DOG
5154,DOG
5155,DOG
5156,CAT
5157,DOG
5158,DOG
5159,DOG
5160,DOG
5161,CAT
5162,DOG
5163,DOG
5164,DOG
5165,CAT
5166,DOG
5167,DOG
5168,CAT
5169,DOG
5170,
5171,DOG
5172,DOG
5173,DOG
5174,DOG
5175,DOG
5176,DOG
5177,DOG
5178,DOG
5179,DOG
5180,DOG
5181,DOG
5182,DOG
5183,CAT
5184,DOG
5185,DOG
5186,CAT
5187,DOG
5188,CAT
5189,DOG
5190,DOG
5191,DOG
5192,DOG
5193,DOG
5194,DOG
5195,DOG
5196,DOG
5197,CAT
5198,DOG
5199,DOG
5200,DOG
5201,DOG
5202,DOG
5203,CAT
5204,
5205,DOG
5206,DOG
5207,DOG
5208,CAT
5209,DOG
5210,CAT
5211,DOG
5212,DOG
5213,DOG
5214,CAT
5215,DOG
5216,DOG
5217,CAT
5218,DOG
5219,DOG
5220,DOG
5221,DOG
5222,
5223,DOG
5224,DOG
5225,DOG
5226,DOG
5227,DOG
5228,DOG
5229,DOG
5230,DOG
5231,CAT
5232,DOG
5233,DOG
5234,DOG
5235,DOG
5236,DOG
5237,CAT
5238,DOG
5239,DOG
5240,DOG
5241,DOG
5242,CAT
5243,DOG
5244,DOG
5245,DOG
5246,DOG
5247,DOG
5248,DOG
5249,DOG
5250,DOG
5251,DOG
5252,DOG
5253,CAT
5254,DOG
5255,DOG
5256,DOG
5257,DOG
5258,CAT
5259,DOG
5260,DOG
5261,DOG
5262,DOG
5263,DOG
5264,CAT
5265,DOG
5266,CAT
5267,DOG
5268,DOG
5269,DOG
5270,DOG
5271,DOG
5272,DOG
5273,DOG
5274,DOG
5275,DOG
5276,
5277,DOG
5278,DOG
5279,DOG
5280,DOG
5281,CAT
5282,DOG
5283,DOG
5284,CAT
5285,DOG
5286,DOG
5287,DOG
5288,DOG
5289,DOG
5290,DOG
5291,CAT
5292,DOG
5293,DOG
5294,DOG
5295,DOG
5296,DOG
5297,DOG
5298,DOG
5299,
5300,DOG
5301,DOG
5302,DOG
5303,DOG
5304,DOG
5305,DOG
5306,DOG
5307,DOG
5308,CAT
5309,CAT
5310,DOG
5311,DOG
5312,DOG
5313,DOG
5314,DOG
5315,DOG
5316,CAT
5317,DOG
5318,DOG
5319,DOG
5320,DOG
5321,DOG
5322,DOG
5323,DOG
5324,DOG
5325,DOG
5326,DOG
5327,DOG
5328,DOG
5329,DOG
5330,DOG
5331,DOG
5332,DOG
5333,DOG
5334,DOG
5335,DOG
5336,DOG
5337,CAT
5338,DOG
5339,CAT
5340,CAT
5341,DOG
5342,DOG
5343,DOG
5344,CAT
5345,CAT
5346,CAT
5347,DOG
5348,DOG
5349,DOG
5350,DOG
5351,CAT
5352,DOG
5353,DOG
5354,DOG
5355,CAT
5356,CAT
5357,CAT
5358,DOG
5359,
5360,DOG
5361,DOG
5362,DOG
5363,DOG
5364,
5365,DOG
5366,DOG
5367,DOG
5368,DOG
5369,CAT
5370,DOG
5371,DOG
5372,DOG
5373,DOG
5374,DOG
5375,DOG
5376,CAT
5377,DOG
5378,DOG
5379,CAT
5380,DOG
5381,DOG
5382,DOG
5383,DOG
5384,DOG
5385,CAT
5386,DOG
5387,DOG
5388,DOG
5389,DOG
5390,DOG
5391,CAT
5392,
5393,DOG
5394,DOG
5395,DOG
5396,DOG
5397,DOG
5398,CAT
5399,CAT
5400,DOG
5401,DOG
5402,DOG
5403,DOG
5404,DOG
5405,DOG
5406,DOG
5407,DOG
5408,DOG
5409,DOG
5410,DOG
5411,DOG
5412,DOG
5413,DOG
5414,DOG
5415,DOG
5416,DOG
5417,DOG
5418,CAT
5419,CAT
5420,CAT
5421,DOG
5422,DOG
5423,DOG
5424,DOG
5425,DOG
5426,DOG
5427,DOG
5428,DOG
5429,DOG
5430,DOG
5431,
5432,CAT
5433,DOG
5434,DOG
5435,DOG
5436,DOG
5437,DOG
5438,DOG
5439,CAT
5440,CAT
5441,DOG
5442,CAT
5443,DOG
5444,DOG
5445,DOG
5446,DOG
5447,DOG
5448,DOG
5449,CAT
5450,CAT
5451,DOG
5452,DOG
5453,DOG
5454,CAT
5455,DOG
5456,CAT
5457,DOG
5458,DOG
5459,DOG
5460,DOG
5461,DOG
5462,DOG
5463,BAT
5464,DOG
5465,DOG
5466,DOG
5467,DOG
5468,DOG
5469,DOG
5470,DOG
5471,DOG
5472,DOG
5473,DOG
5474,DOG
5475,DOG
5476,DOG
5477,DOG
5478,DOG
5479,DOG
5480,
5481,DOG
5482,CAT
5483,DOG
5484,DOG
5485,DOG
5486,CAT
5487,DOG
5488,DOG
5489,DOG
5490,DOG
5491,DOG
5492,DOG
5493,DOG
5494,DOG
5495,DOG
5496,CAT
5497,DOG
5498,DOG
5499,DOG
5500,DOG
5501,DOG
5502,DOG
5503,DOG
5504,DOG
5505,DOG
5506,DOG
5507,CAT
5508,DOG
5509,
5510,CAT
5511,CAT
5512,DOG
5513,DOG
5514,DOG
5515,DOG
5516,CAT
5517,CAT
5518,CAT
5519,DOG
5520,DOG
5521,DOG
5522,CAT
5523,DOG
5524,DOG
5525,DOG
5526,DOG
5527,DOG
5528,DOG
5529,DOG
5530,DOG
5531,DOG
5532,DOG
5533,DOG
5534,DOG
5535,DOG
5536,DOG
5537,CAT
5538,
5539,DOG
5540,DOG
5541,DOG
5542,DOG
5543,DOG
5544,DOG
5545,DOG
5546,DOG
5547,DOG
5548,DOG
5549,
5550,CAT
5551,DOG
5552,DOG
5553,DOG
5554,DOG
5555,DOG
5556,DOG
5557,DOG
5558,DOG
5559,DOG
5560,DOG
5561,DOG
5562,DOG
5563,DOG
5564,DOG
5565,DOG
5566,DOG
5567,CAT
5568,DOG
5569,DOG
5570,DOG
5571,CAT
5572,CAT
5573,DOG
5574,DOG
5575,DOG
5576,DOG
5577,CAT
5578,DOG
5579,DOG
5580,DOG
5581,DOG
5582,DOG
5583,DOG
5584,CAT
5585,CAT
5586,
5587,DOG
5588,DOG
5589,DOG
5590,DOG
5591,DOG
5592,DOG
5593,DOG
5594,DOG
5595,DOG
5596,DOG
5597,CAT
5598,DOG
5599,DOG
5600,CAT
5601,DOG
5602,DOG
5603,
5604,DOG
5605,DOG
5606,DOG
5607,DOG
5608,DOG
5609,CAT
5610,DOG
5611,DOG
5612,DOG
5613,DOG
5614,DOG
5615,DOG
5616,
5617,DOG
5618,DOG
5619,DOG
5620,DOG
5621,DOG
5622,DOG
5623,DOG
5624,DOG
5625,DOG
5626,DOG
5627,DOG
5628,DOG
5629,CAT
5630,DOG
5631,CAT
5632,DOG
5633,CAT
5634,DOG
5635,DOG
5636,DOG
5637,DOG
5638,CAT
5639,DOG
5640,DOG
5641,DOG
5642,DOG
5643,DOG
5644,DOG
5645,DOG
5646,DOG
5647,DOG
5648,DOG
5649,DOG
5650,
5651,DOG
5652,DOG
5653,CAT
5654,DOG
5655,DOG
5656,DOG
5657,DOG
5658,DOG
5659,CAT
5660,CAT
5661,DOG
5662,DOG
5663,DOG
5664,DOG
5665,DOG
5666,DOG
5667,DOG
5668,DOG
5669,DOG
5670,DOG
5671,DOG
5672,CAT
5673,DOG
5674,DOG
5675,DOG
5676,DOG
5677,DOG
5678,DOG
5679,CAT
5680,DOG
5681,CAT
5682,DOG
5683,DOG
5684,DOG
5685,DOG
5686,DOG
5687,CAT
5688,DOG
5689,CAT
5690,DOG
5691,DOG
5692,DOG
5693,DOG
5694,CAT
5695,CAT
5696,DOG
5697,CAT
5698,DOG
5699,DOG
5700,DOG
5701,DOG
5702,CAT
5703,CAT
5704,CAT
5705,DOG
5706,
5707,DOG
5708,DOG
5709,CAT
5710,DOG
5711,CAT
5712,DOG
5713,CAT
5714,DOG
5715,CAT
5716,DOG
5717,DOG
5718,DOG
5719,DOG
5720,CAT
5721,CAT
5722,DOG
5723,DOG
5724,DOG
5725,DOG
5726,CAT
5727,DOG
5728,DOG
5729,CAT
5730,DOG
5731,DOG
5732,DOG
5733,CAT
5734,DOG
5735,DOG
5736,DOG
5737,DOG
5738,DOG
5739,DOG
5740,CAT
5741,DOG
5742,DOG
5743,DOG
5744,CAT
5745,DOG
5746,DOG
5747,DOG
5748,DOG
5749,DOG
5750,DOG
5751,DOG
5752,CAT
5753,DOG
5754,CAT
5755,DOG
5756,CAT
5757,DOG
5758,DOG
5759,DOG
5760,DOG
5761,DOG
5762,DOG
5763,DOG
5764,DOG
5765,DOG
5766,DOG
5767,DOG
5768,CAT
5769,DOG
5770,DOG
5771,
5772,DOG
5773,RACCOON
5774,DOG
5775,DOG
5776,DOG
5777,DOG
5778,DOG
5779,DOG
5780,DOG
5781,DOG
5782,DOG
5783,DOG
5784,DOG
5785,DOG
5786,DOG
5787,DOG
5788,DOG
5789,DOG
5790,DOG
5791,DOG
5792,DOG
5793,DOG
5794,DOG
5795,CAT
5796,DOG
5797,DOG
5798,DOG
5799,DOG
5800,DOG
5801,DOG
5802,CAT
5803,CAT
5804,CAT
5805,DOG
5806,DOG
5807,CAT
5808,CAT
5809,DOG
5810,DOG
5811,DOG
5812,DOG
5813,CAT
5814,DOG
5815,CAT
5816,DOG
5817,DOG
5818,CAT
5819,DOG
5820,DOG
5821,DOG
5822,DOG
5823,DOG
5824,CAT
5825,DOG
5826,DOG
5827,DOG
5828,DOG
5829,DOG
5830,DOG
5831,DOG
5832,DOG
5833,DOG
5834,CAT
5835,BAT
5836,BAT
5837,DOG
5838,DOG
5839,DOG
5840,DOG
5841,DOG
5842,DOG
5843,DOG
5844,DOG
5845,BAT
5846,DOG
5847,
5848,DOG
5849,CAT
5850,DOG
5851,CAT
5852,DOG
5853,DOG
5854,CAT
5855,DOG
5856,DOG
5857,DOG
5858,CAT
5859,CAT
5860,DOG
5861,DOG
5862,DOG
5863,DOG
5864,DOG
5865,DOG
5866,DOG
5867,DOG
5868,DOG
5869,DOG
5870,DOG
5871,DOG
5872,DOG
5873,DOG
5874,DOG
5875,DOG
5876,CAT
5877,DOG
5878,CAT
5879,DOG
5880,DOG
5881,DOG
5882,DOG
5883,DOG
5884,DOG
5885,DOG
5886,DOG
5887,DOG
5888,DOG
5889,DOG
5890,DOG
5891,DOG
5892,DOG
5893,CAT
5894,CAT
5895,DOG
5896,DOG
5897,DOG
5898,DOG
5899,DOG
5900,DOG
5901,CAT
5902,DOG
5903,DOG
5904,DOG
5905,DOG
5906,DOG
5907,DOG
5908,DOG
5909,DOG
5910,CAT
5911,DOG
5912,CAT
5913,CAT
5914,CAT
5915,CAT
5916,DOG
5917,DOG
5918,
5919,DOG
5920,DOG
5921,DOG
5922,DOG
5923,DOG
5924,CAT
5925,DOG
5926,CAT
5927,DOG
5928,CAT
5929,DOG
5930,DOG
5931,DOG
5932,DOG
5933,DOG
5934,DOG
5935,DOG
5936,DOG
5937,DOG
5938,DOG
5939,CAT
5940,DOG
5941,DOG
5942,DOG
5943,DOG
5944,DOG
5945,DOG
5946,DOG
5947,DOG
5948,DOG
5949,DOG
5950,DOG
5951,CAT
5952,DOG
5953,CAT
5954,CAT
5955,RACCOON
5956,DOG
5957,CAT
5958,DOG
5959,DOG
5960,DOG
5961,DOG
5962,DOG
5963,CAT
5964,DOG
5965,DOG
5966,DOG
5967,DOG
5968,DOG
5969,DOG
5970,DOG
5971,DOG
5972,DOG
5973,DOG
5974,DOG
5975,DOG
5976,DOG
5977,DOG
5978,DOG
5979,DOG
5980,DOG
5981,CAT
5982,DOG
5983,DOG
5984,DOG
5985,CAT
5986,DOG
5987,DOG
5988,DOG
5989,DOG
5990,DOG
5991,DOG
5992,CAT
5993,DOG
5994,DOG
5995,CAT
5996,DOG
5997,CAT
5998,CAT
5999,DOG
6000,DOG
6001,DOG
6002,DOG
6003,CAT
6004,DOG
6005,DOG
6006,CAT
6007,DOG
6008,DOG
6009,DOG
6010,DOG
6011,DOG
6012,DOG
6013,CAT
6014,DOG
6015,DOG
6016,CAT
6017,DOG
6018,DOG
6019,DOG
6020,DOG
6021,DOG
6022,DOG
6023,DOG
6024,DOG
6025,DOG
6026,DOG
6027,DOG
6028,CAT
6029,DOG
6030,DOG
6031,DOG
6032,CAT
6033,DOG
6034,DOG
6035,DOG
6036,DOG
6037,DOG
6038,DOG
6039,DOG
6040,DOG
6041,DOG
6042,DOG
6043,DOG
6044,DOG
6045,DOG
6046,DOG
6047,DOG
6048,DOG
6049,CAT
6050,DOG
6051,DOG
6052,CAT
6053,DOG
6054,DOG
6055,DOG
6056,DOG
6057,DOG
6058,DOG
6059,
6060,DOG
6061,DOG
6062,DOG
6063,DOG
6064,DOG
6065,DOG
6066,DOG
6067,DOG
6068,DOG
6069,DOG
6070,DOG
6071,CAT
6072,DOG
6073,DOG
6074,DOG
6075,DOG
6076,DOG
6077,DOG
6078,DOG
6079,DOG
6080,DOG
6081,CAT
6082,DOG
6083,DOG
6084,CAT
6085,DOG
6086,DOG
6087,DOG
6088,DOG
6089,DOG
6090,DOG
6091,DOG
6092,DOG
6093,CAT
6094,DOG
6095,DOG
6096,DOG
6097,CAT
6098,CAT
6099,DOG
6100,DOG
6101,DOG
6102,DOG
6103,DOG
6104,DOG
6105,DOG
6106,DOG
6107,DOG
6108,DOG
6109,CAT
6110,DOG
6111,DOG
6112,DOG
6113,DOG
6114,DOG
6115,DOG
6116,DOG
6117,DOG
6118,CAT
6119,DOG
6120,DOG
6121,DOG
6122,DOG
6123,DOG
6124,DOG
6125,DOG
6126,DOG
6127,DOG
6128,DOG
6129,RACCOON
6130,DOG
6131,DOG
6132,DOG
6133,DOG
6134,DOG
6135,DOG
6136,DOG
6137,DOG
6138,DOG
6139,CAT
6140,CAT
6141,DOG
6142,CAT
6143,DOG
6144,CAT
6145,DOG
6146,DOG
6147,DOG
6148,DOG
6149,DOG
6150,DOG
6151,DOG
6152,DOG
6153,DOG
6154,DOG
6155,
6156,DOG
6157,DOG
6158,CAT
6159,DOG
6160,DOG
6161,CAT
6162,DOG
6163,CAT
6164,DOG
6165,DOG
6166,DOG
6167,DOG
6168,DOG
6169,DOG
6170,DOG
6171,CAT
6172,DOG
6173,CAT
6174,DOG
6175,DOG
6176,DOG
6177,DOG
6178,DOG
6179,DOG
6180,CAT
6181,CAT
6182,DOG
6183,DOG
6184,DOG
6185,DOG
6186,DOG
6187,CAT
6188,CAT
6189,DOG
6190,DOG
6191,DOG
6192,DOG
6193,DOG
6194,DOG
6195,DOG
6196,DOG
6197,CAT
6198,DOG
6199,DOG
6200,DOG
6201,DOG
6202,DOG
6203,DOG
6204,DOG
6205,CAT
6206,CAT
6207,
6208,DOG
6209,DOG
6210,CAT
6211,DOG
6212,DOG
6213,FERRET
6214,DOG
6215,DOG
6216,DOG
6217,DOG
6218,DOG
6219,CAT
6220,DOG
6221,DOG
6222,DOG
6223,DOG
6224,CAT
6225,DOG
6226,BAT
6227,DOG
6228,DOG
6229,DOG
6230,DOG
6231,DOG
6232,DOG
6233,DOG
6234,DOG
6235,CAT
6236,DOG
6237,DOG
6238,DOG
6239,DOG
6240,DOG
6241,DOG
6242,DOG
6243,DOG
6244,DOG
6245,DOG
6246,DOG
6247,DOG
6248,DOG
6249,DOG
6250,DOG
6251,DOG
6252,DOG
6253,DOG
6254,DOG
6255,DOG
6256,DOG
6257,DOG
6258,DOG
6259,
6260,DOG
6261,
6262,
6263,DOG
6264,DOG
6265,DOG
6266,DOG
6267,DOG
6268,CAT
6269,DOG
6270,DOG
6271,CAT
6272,DOG
6273,DOG
6274,CAT
6275,DOG
6276,DOG
6277,DOG
6278,DOG
6279,DOG
6280,DOG
6281,DOG
6282,DOG
6283,DOG
6284,DOG
6285,CAT
6286,DOG
6287,DOG
6288,CAT
6289,DOG
6290,DOG
6291,DOG
6292,DOG
6293,DOG
6294,DOG
6295,DOG
6296,DOG
6297,DOG
6298,DOG
6299,CAT
6300,DOG
6301,DOG
6302,DOG
6303,DOG
6304,CAT
6305,DOG
6306,DOG
6307,DOG
6308,DOG
6309,DOG
6310,CAT
6311,DOG
6312,DOG
6313,DOG
6314,DOG
6315,DOG
6316,DOG
6317,DOG
6318,DOG
6319,DOG
6320,DOG
6321,DOG
6322,CAT
6323,DOG
6324,DOG
6325,DOG
6326,DOG
6327,CAT
6328,DOG
6329,DOG
6330,DOG
6331,DOG
6332,DOG
6333,CAT
6334,DOG
6335,DOG
6336,DOG
6337,DOG
6338,DOG
6339,DOG
6340,DOG
6341,DOG
6342,DOG
6343,DOG
6344,DOG
6345,DOG
6346,DOG
6347,DOG
6348,DOG
6349,DOG
6350,DOG
6351,DOG
6352,CAT
6353,DOG
6354,DOG
6355,DOG
6356,DOG
6357,DOG
6358,DOG
6359,DOG
6360,DOG
6361,DOG
6362,DOG
6363,DOG
6364,DOG
6365,CAT
6366,CAT
6367,DOG
6368,
6369,DOG
6370,DOG
6371,DOG
6372,DOG
6373,DOG
6374,DOG
6375,DOG
6376,DOG
6377,DOG
6378,DOG
6379,DOG
6380,DOG
6381,DOG
6382,CAT
6383,DOG
6384,DOG
6385,DOG
6386,DOG
6387,CAT
6388,DOG
6389,DOG
6390,DOG
6391,DOG
6392,CAT
6393,CAT
6394,DOG
6395,DOG
6396,DOG
6397,DOG
6398,DOG
6399,DOG
6400,DOG
6401,DOG
6402,DOG
6403,DOG
6404,DOG
6405,DOG
6406,DOG
6407,DOG
6408,DOG
6409,CAT
6410,DOG
6411,DOG
6412,DOG
6413,DOG
6414,DOG
6415,DOG
6416,DOG
6417,DOG
6418,DOG
6419,DOG
6420,DOG
6421,DOG
6422,DOG
6423,DOG
6424,DOG
6425,DOG
6426,DOG
6427,CAT
6428,CAT
6429,DOG
6430,DOG
6431,CAT
6432,DOG
6433,DOG
6434,DOG
6435,DOG
6436,DOG
6437,DOG
6438,DOG
6439,DOG
6440,DOG
6441,DOG
6442,DOG
6443,CAT
6444,DOG
6445,DOG
6446,DOG
6447,DOG
6448,DOG
6449,CAT
6450,DOG
6451,DOG
6452,DOG
6453,DOG
6454,DOG
6455,DOG
6456,DOG
6457,DOG
6458,DOG
6459,DOG
6460,CAT
6461,DOG
6462,CAT
6463,CAT
6464,DOG
6465,
6466,DOG
6467,CAT
6468,DOG
6469,DOG
6470,DOG
6471,
6472,DOG
6473,DOG
6474,DOG
6475,DOG
6476,DOG
6477,DOG
6478,DOG
6479,DOG
6480,CAT
6481,CAT
6482,DOG
6483,DOG
6484,CAT
6485,DOG
6486,DOG
6487,DOG
6488,DOG
6489,DOG
6490,DOG
6491,DOG
6492,DOG
6493,DOG
6494,DOG
6495,DOG
6496,DOG
6497,DOG
6498,CAT
6499,CAT
6500,DOG
6501,DOG
6502,DOG
6503,DOG
6504,DOG
6505,DOG
6506,DOG
6507,DOG
6508,DOG
6509,DOG
6510,DOG
6511,DOG
6512,CAT
6513,DOG
6514,DOG
6515,DOG
6516,DOG
6517,CAT
6518,DOG
6519,DOG
6520,DOG
6521,DOG
6522,DOG
6523,DOG
6524,CAT
6525,CAT
6526,DOG
6527,DOG
6528,DOG
6529,DOG
6530,DOG
6531,DOG
6532,CAT
6533,DOG
6534,DOG
6535,DOG
6536,DOG
6537,DOG
6538,CAT
6539,BAT
6540,CAT
6541,DOG
6542,DOG
6543,DOG
6544,DOG
6545,DOG
6546,DOG
6547,DOG
6548,DOG
6549,DOG
6550,DOG
6551,DOG
6552,DOG
6553,CAT
6554,DOG
6555,DOG
6556,DOG
6557,DOG
6558,DOG
6559,DOG
6560,DOG
6561,DOG
6562,DOG
6563,DOG
6564,DOG
6565,DOG
6566,DOG
6567,DOG
6568,DOG
6569,DOG
6570,DOG
6571,DOG
6572,DOG
6573,DOG
6574,DOG
6575,DOG
6576,DOG
6577,DOG
6578,DOG
6579,DOG
6580,DOG
6581,DOG
6582,DOG
6583,DOG
6584,CAT
6585,DOG
6586,DOG
6587,CAT
6588,DOG
6589,CAT
6590,CAT
6591,DOG
6592,DOG
6593,DOG
6594,DOG
6595,DOG
6596,DOG
6597,DOG
6598,DOG
6599,DOG
6600,DOG
6601,DOG
6602,DOG
6603,DOG
6604,DOG
6605,DOG
6606,DOG
6607,CAT
6608,DOG
6609,CAT
6610,DOG
6611,DOG
6612,DOG
6613,DOG
6614,DOG
6615,DOG
6616,DOG
6617,DOG
6618,CAT
6619,DOG
6620,DOG
6621,DOG
6622,DOG
6623,DOG
6624,DOG
6625,DOG
6626,DOG
6627,DOG
6628,DOG
6629,DOG
6630,CAT
6631,DOG
6632,DOG
6633,DOG
6634,DOG
6635,CAT
6636,DOG
6637,DOG
6638,DOG
6639,DOG
6640,DOG
6641,DOG
6642,DOG
6643,DOG
6644,DOG
6645,DOG
6646,CAT
6647,DOG
6648,CAT
6649,CAT
6650,CAT
6651,DOG
6652,DOG
6653,DOG
6654,DOG
6655,CAT
6656,DOG
6657,DOG
6658,DOG
6659,DOG
6660,DOG
6661,DOG
6662,CAT
6663,DOG
6664,CAT
6665,DOG
6666,DOG
6667,DOG
6668,CAT
6669,DOG
6670,DOG
6671,DOG
6672,CAT
6673,DOG
6674,CAT
6675,CAT
6676,DOG
6677,CAT
6678,CAT
6679,DOG
6680,DOG
6681,CAT
6682,DOG
6683,DOG
6684,DOG
6685,DOG
6686,DOG
6687,CAT
6688,DOG
6689,DOG
6690,DOG
6691,CAT
6692,CAT
6693,DOG
6694,DOG
6695,DOG
6696,DOG
6697,CAT
6698,DOG
6699,DOG
6700,DOG
6701,DOG
6702,DOG
6703,CAT
6704,DOG
6705,DOG
6706,DOG
6707,DOG
6708,CAT
6709,DOG
6710,DOG
6711,DOG
6712,DOG
6713,DOG
6714,CAT
6715,DOG
6716,
6717,CAT
6718,DOG
6719,DOG
6720,CAT
6721,DOG
6722,DOG
6723,DOG
6724,DOG
6725,DOG
6726,DOG
6727,DOG
6728,DOG
6729,CAT
6730,DOG
6731,DOG
6732,CAT
6733,DOG
6734,DOG
6735,DOG
6736,CAT
6737,DOG
6738,DOG
6739,DOG
6740,DOG
6741,DOG
6742,DOG
6743,CAT
6744,DOG
6745,CAT
6746,DOG
6747,DOG
6748,DOG
6749,DOG
6750,DOG
6751,DOG
6752,DOG
6753,DOG
6754,CAT
6755,DOG
6756,DOG
6757,DOG
6758,DOG
6759,DOG
6760,DOG
6761,DOG
6762,CAT
6763,DOG
6764,DOG
6765,CAT
6766,DOG
6767,DOG
6768,CAT
6769,CAT
6770,CAT
6771,DOG
6772,CAT
6773,DOG
6774,DOG
6775,CAT
6776,DOG
6777,DOG
6778,DOG
6779,DOG
6780,DOG
6781,DOG
6782,CAT
6783,DOG
6784,CAT
6785,CAT
6786,DOG
6787,DOG
6788,CAT
6789,DOG
6790,DOG
6791,DOG
6792,DOG
6793,DOG
6794,DOG
6795,DOG
6796,DOG
6797,DOG
6798,DOG
6799,CAT
6800,DOG
6801,DOG
6802,DOG
6803,DOG
6804,DOG
6805,DOG
6806,DOG
6807,DOG
6808,DOG
6809,CAT
6810,CAT
6811,DOG
6812,DOG
6813,DOG
6814,DOG
6815,DOG
6816,DOG
6817,DOG
6818,CAT
6819,CAT
6820,DOG
6821,DOG
6822,DOG
6823,DOG
6824,DOG
6825,DOG
6826,CAT
6827,DOG
6828,DOG
6829,DOG
6830,CAT
6831,DOG
6832,DOG
6833,DOG
6834,DOG
6835,DOG
6836,CAT
6837,DOG
6838,CAT
6839,DOG
6840,CAT
6841,DOG
6842,DOG
6843,DOG
6844,DOG
6845,DOG
6846,DOG
6847,DOG
6848,BAT
6849,DOG
6850,DOG
6851,BAT
6852,BAT
6853,DOG
6854,CAT
6855,DOG
6856,DOG
6857,DOG
6858,DOG
6859,DOG
6860,DOG
6861,DOG
6862,DOG
6863,DOG
6864,CAT
6865,DOG
6866,DOG
6867,DOG
6868,DOG
6869,DOG
6870,DOG
6871,DOG
6872,CAT
6873,DOG
6874,DOG
6875,DOG
6876,DOG
6877,DOG
6878,DOG
6879,DOG
6880,DOG
6881,DOG
6882,DOG
6883,DOG
6884,DOG
6885,DOG
6886,DOG
6887,DOG
6888,DOG
6889,DOG
6890,DOG
6891,DOG
6892,CAT
6893,BAT
6894,DOG
6895,DOG
6896,DOG
6897,DOG
6898,DOG
6899,DOG
6900,DOG
6901,CAT
6902,DOG
6903,DOG
6904,DOG
6905,DOG
6906,CAT
6907,DOG
6908,CAT
6909,CAT
6910,CAT
6911,DOG
6912,DOG
6913,DOG
6914,DOG
6915,DOG
6916,DOG
6917,DOG
6918,DOG
6919,DOG
6920,DOG
6921,DOG
6922,DOG
6923,CAT
6924,BAT
6925,DOG
6926,DOG
6927,HORSE
6928,
6929,CAT
6930,DOG
6931,DOG
6932,DOG
6933,CAT
6934,DOG
6935,DOG
6936,DOG
6937,DOG
6938,DOG
6939,DOG
6940,DOG
6941,DOG
6942,DOG
6943,DOG
6944,DOG
6945,CAT
6946,DOG
6947,DOG
6948,DOG
6949,DOG
6950,DOG
6951,DOG
6952,DOG
6953,CAT
6954,CAT
6955,DOG
6956,DOG
6957,DOG
6958,DOG
6959,DOG
6960,DOG
6961,CAT
6962,CAT
6963,DOG
6964,CAT
6965,DOG
6966,DOG
6967,DOG
6968,CAT
6969,DOG
6970,DOG
6971,DOG
6972,DOG
6973,DOG
6974,DOG
6975,DOG
6976,DOG
6977,CAT
6978,DOG
6979,DOG
6980,DOG
6981,DOG
6982,DOG
6983,CAT
6984,DOG
6985,CAT
6986,DOG
6987,DOG
6988,DOG
6989,CAT
6990,DOG
6991,DOG
6992,DOG
6993,CAT
6994,DOG
6995,CAT
6996,DOG
6997,DOG
6998,CAT
6999,DOG
7000,DOG
7001,DOG
7002,DOG
7003,DOG
7004,CAT
7005,DOG
7006,DOG
7007,DOG
7008,DOG
7009,DOG
7010,DOG
7011,DOG
7012,DOG
7013,DOG
7014,DOG
7015,CAT
7016,DOG
7017,DOG
7018,DOG
7019,DOG
7020,DOG
7021,DOG
7022,CAT
7023,CAT
7024,DOG
7025,DOG
7026,DOG
7027,DOG
7028,RACCOON
7029,DOG
7030,CAT
7031,CAT
7032,CAT
7033,DOG
7034,DOG
7035,DOG
7036,DOG
7037,DOG
7038,DOG
7039,DOG
7040,DOG
7041,DOG
7042,DOG
7043,CAT
7044,DOG
7045,DOG
7046,DOG
7047,CAT
7048,RACCOON
7049,DOG
7050,DOG
7051,DOG
7052,DOG
7053,DOG
7054,DOG
7055,CAT
7056,CAT
7057,DOG
7058,DOG
7059,DOG
7060,DOG
7061,DOG
7062,DOG
7063,DOG
7064,DOG
7065,DOG
7066,DOG
7067,DOG
7068,DOG
7069,DOG
7070,DOG
7071,
7072,DOG
7073,DOG
7074,CAT
7075,CAT
7076,CAT
7077,DOG
7078,DOG
7079,CAT
7080,DOG
7081,DOG
7082,DOG
7083,DOG
7084,DOG
7085,DOG
7086,DOG
7087,CAT
7088,DOG
7089,DOG
7090,DOG
7091,CAT
7092,DOG
7093,CAT
7094,DOG
7095,DOG
7096,DOG
7097,CAT
7098,DOG
7099,DOG
7100,DOG
7101,DOG
7102,DOG
7103,DOG
7104,DOG
7105,DOG
7106,CAT
7107,CAT
7108,DOG
7109,DOG
7110,DOG
7111,CAT
7112,DOG
7113,DOG
7114,DOG
7115,DOG
7116,DOG
7117,DOG
7118,DOG
7119,DOG
7120,DOG
7121,DOG
7122,DOG
7123,DOG
7124,DOG
7125,DOG
7126,DOG
7127,DOG
7128,DOG
7129,DOG
7130,DOG
7131,DOG
7132,DOG
7133,DOG
7134,CAT
7135,DOG
7136,DOG
7137,DOG
7138,DOG
7139,DOG
7140,DOG
7141,CAT
7142,CAT
7143,DOG
7144,CAT
7145,
7146,CAT
7147,CAT
7148,DOG
7149,DOG
7150,CAT
7151,DOG
7152,DOG
7153,DOG
7154,DOG
7155,DOG
7156,DOG
7157,DOG
7158,DOG
7159,DOG
7160,DOG
7161,DOG
7162,DOG
7163,DOG
7164,DOG
7165,DOG
7166,DOG
7167,DOG
7168,DOG
7169,DOG
7170,DOG
7171,DOG
7172,DOG
7173,DOG
7174,DOG
7175,DOG
7176,DOG
7177,CAT
7178,DOG
7179,DOG
7180,DOG
7181,DOG
7182,DOG
7183,DOG
7184,DOG
7185,CAT
7186,CAT
7187,DOG
7188,CAT
7189,DOG
7190,DOG
7191,DOG
7192,DOG
7193,CAT
7194,DOG
7195,DOG
7196,DOG
7197,DOG
7198,DOG
7199,DOG
7200,DOG
7201,DOG
7202,DOG
7203,CAT
7204,DOG
7205,DOG
7206,DOG
7207,CAT
7208,CAT
7209,DOG
7210,DOG
7211,DOG
7212,
7213,CAT
7214,DOG
7215,DOG
7216,CAT
7217,DOG
7218,DOG
7219,DOG
7220,DOG
7221,CAT
7222,DOG
7223,DOG
7224,DOG
7225,DOG
7226,DOG
7227,DOG
7228,CAT
7229,DOG
7230,DOG
7231,DOG
7232,DOG
7233,DOG
7234,DOG
7235,DOG
7236,DOG
7237,CAT
7238,DOG
7239,DOG
7240,CAT
7241,DOG
7242,DOG
7243,DOG
7244,DOG
7245,CAT
7246,CAT
7247,CAT
7248,DOG
7249,DOG
7250,DOG
7251,DOG
7252,DOG
7253,DOG
7254,DOG
7255,DOG
7256,DOG
7257,DOG
7258,BAT
7259,DOG
7260,DOG
7261,DOG
7262,CAT
7263,DOG
7264,DOG
7265,CAT
7266,BAT
7267,CAT
7268,DOG
7269,DOG
7270,DOG
7271,DOG
7272,DOG
7273,DOG
7274,DOG
7275,DOG
7276,DOG
7277,DOG
7278,DOG
7279,DOG
7280,DOG
7281,DOG
7282,CAT
7283,CAT
7284,DOG
7285,DOG
7286,DOG
7287,DOG
7288,DOG
7289,DOG
7290,DOG
7291,DOG
7292,DOG
7293,DOG
7294,DOG
7295,BAT
7296,DOG
7297,DOG
7298,DOG
7299,DOG
7300,DOG
7301,DOG
7302,DOG
7303,DOG
7304,DOG
7305,DOG
7306,DOG
7307,DOG
7308,DOG
7309,CAT
7310,DOG
7311,DOG
7312,DOG
7313,DOG
7314,CAT
7315,CAT
7316,DOG
7317,CAT
7318,DOG
7319,DOG
7320,DOG
7321,DOG
7322,DOG
7323,DOG
7324,DOG
7325,DOG
7326,DOG
7327,DOG
7328,DOG
7329,DOG
7330,CAT
7331,DOG
7332,DOG
7333,DOG
7334,DOG
7335,DOG
7336,DOG
7337,DOG
7338,DOG
7339,DOG
7340,DOG
7341,DOG
7342,DOG
7343,DOG
7344,CAT
7345,DOG
7346,DOG
7347,DOG
7348,DOG
7349,DOG
7350,DOG
7351,DOG
7352,DOG
7353,DOG
7354,DOG
7355,DOG
7356,DOG
7357,DOG
7358,DOG
7359,DOG
7360,CAT
7361,DOG
7362,DOG
7363,CAT
7364,DOG
7365,DOG
7366,DOG
7367,DOG
7368,DOG
7369,CAT
7370,DOG
7371,DOG
7372,DOG
7373,DOG
7374,DOG
7375,DOG
7376,DOG
7377,DOG
7378,DOG
7379,CAT
7380,DOG
7381,DOG
7382,DOG
7383,DOG
7384,DOG
7385,DOG
7386,DOG
7387,DOG
7388,DOG
7389,DOG
7390,DOG
7391,DOG
7392,DOG
7393,DOG
7394,CAT
7395,DOG
7396,DOG
7397,CAT
7398,DOG
7399,CAT
7400,DOG
7401,DOG
7402,DOG
7403,DOG
7404,DOG
7405,DOG
7406,DOG
7407,DOG
7408,DOG
7409,DOG
7410,DOG
7411,DOG
7412,DOG
7413,DOG
7414,DOG
7415,DOG
7416,DOG
7417,DOG
7418,DOG
7419,DOG
7420,DOG
7421,DOG
7422,CAT
7423,DOG
7424,DOG
7425,BAT
7426,DOG
7427,DOG
7428,DOG
7429,DOG
7430,CAT
7431,DOG
7432,DOG
7433,DOG
7434,DOG
7435,DOG
7436,DOG
7437,DOG
7438,DOG
7439,DOG
7440,DOG
7441,DOG
7442,DOG
7443,CAT
7444,DOG
7445,DOG
7446,DOG
7447,DOG
7448,DOG
7449,CAT
7450,DOG
7451,DOG
7452,DOG
7453,DOG
7454,DOG
7455,DOG
7456,DOG
7457,DOG
7458,DOG
7459,DOG
7460,DOG
7461,DOG
7462,DOG
7463,DOG
7464,CAT
7465,DOG
7466,DOG
7467,DOG
7468,CAT
7469,DOG
7470,DOG
7471,DOG
7472,CAT
7473,CAT
7474,DOG
7475,DOG
7476,CAT
7477,DOG
7478,DOG
7479,DOG
7480,DOG
7481,DOG
7482,CAT
7483,DOG
7484,DOG
7485,DOG
7486,DOG
7487,CAT
7488,DOG
7489,DOG
7490,DOG
7491,DOG
7492,DOG
7493,CAT
7494,DOG
7495,DOG
7496,DOG
7497,DOG
7498,DOG
7499,CAT
7500,DOG
7501,DOG
7502,CAT
7503,CAT
7504,DOG
7505,BAT
7506,DOG
7507,DOG
7508,DOG
7509,DOG
7510,DOG
7511,DOG
7512,CAT
7513,CAT
7514,DOG
7515,CAT
7516,DOG
7517,DOG
7518,DOG
7519,DOG
7520,CAT
7521,DOG
7522,DOG
7523,DOG
7524,DOG
7525,DOG
7526,DOG
7527,DOG
7528,DOG
7529,DOG
7530,DOG
7531,DOG
7532,DOG
7533,DOG
7534,DOG
7535,DOG
7536,CAT
7537,DOG
7538,DOG
7539,DOG
7540,DOG
7541,DOG
7542,DOG
7543,DOG
7544,DOG
7545,DOG
7546,DOG
7547,DOG
7548,DOG
7549,DOG
7550,DOG
7551,DOG
7552,DOG
7553,DOG
7554,DOG
7555,CAT
7556,DOG
7557,DOG
7558,RACCOON
7559,CAT
7560,DOG
7561,DOG
7562,DOG
7563,CAT
7564,DOG
7565,DOG
7566,DOG
7567,CAT
7568,DOG
7569,DOG
7570,DOG
7571,DOG
7572,DOG
7573,DOG
7574,HORSE
7575,CAT
7576,DOG
7577,CAT
7578,DOG
7579,CAT
7580,DOG
7581,DOG
7582,DOG
7583,DOG
7584,DOG
7585,DOG
7586,CAT
7587,DOG
7588,DOG
7589,CAT
7590,DOG
7591,DOG
7592,
7593,DOG
7594,DOG
7595,BAT
7596,DOG
7597,DOG
7598,DOG
7599,DOG
7600,DOG
7601,DOG
7602,DOG
7603,CAT
7604,DOG
7605,DOG
7606,DOG
7607,DOG
7608,DOG
7609,DOG
7610,DOG
7611,DOG
7612,DOG
7613,DOG
7614,DOG
7615,DOG
7616,DOG
7617,DOG
7618,DOG
7619,DOG
7620,DOG
7621,DOG
7622,DOG
7623,DOG
7624,CAT
7625,CAT
7626,DOG
7627,DOG
7628,DOG
7629,DOG
7630,DOG
7631,CAT
7632,DOG
7633,DOG
7634,CAT
7635,BAT
7636,DOG
7637,DOG
7638,DOG
7639,CAT
7640,CAT
7641,DOG
7642,CAT
7643,DOG
7644,DOG
7645,DOG
7646,DOG
7647,CAT
7648,DOG
7649,DOG
7650,DOG
7651,DOG
7652,DOG
7653,DOG
7654,DOG
7655,DOG
7656,DOG
7657,DOG
7658,DOG
7659,DOG
7660,DOG
7661,DOG
7662,DOG
7663,CAT
7664,DOG
7665,DOG
7666,DOG
7667,CAT
7668,DOG
7669,DOG
7670,DOG
7671,DOG
7672,CAT
7673,CAT
7674,DOG
7675,DOG
7676,DOG
7677,CAT
7678,DOG
7679,DOG
7680,DOG
7681,DOG
7682,DOG
7683,CAT
7684,DOG
7685,DOG
7686,DOG
7687,DOG
7688,CAT
7689,DOG
7690,DOG
7691,DOG
7692,DOG
7693,DOG
7694,DOG
7695,DOG
7696,DOG
7697,DOG
7698,DOG
7699,DOG
7700,DOG
7701,CAT
7702,DOG
7703,DOG
7704,DOG
7705,CAT
7706,DOG
7707,CAT
7708,DOG
7709,DOG
7710,DOG
7711,DOG
7712,DOG
7713,DOG
7714,DOG
7715,DOG
7716,DOG
7717,RACCOON
7718,DOG
7719,DOG
7720,DOG
7721,CAT
7722,DOG
7723,DOG
7724,DOG
7725,DOG
7726,DOG
7727,DOG
7728,DOG
7729,DOG
7730,DOG
7731,DOG
7732,DOG
7733,DOG
7734,DOG
7735,DOG
7736,DOG
7737,DOG
7738,DOG
7739,DOG
7740,DOG
7741,DOG
7742,DOG
7743,DOG
7744,DOG
7745,DOG
7746,CAT
7747,DOG
7748,CAT
7749,DOG
7750,DOG
7751,DOG
7752,DOG
7753,DOG
7754,DOG
7755,CAT
7756,CAT
7757,DOG
7758,DOG
7759,DOG
7760,CAT
7761,CAT
7762,DOG
7763,DOG
7764,DOG
7765,BAT
7766,CAT
7767,CAT
7768,DOG
7769,DOG
7770,CAT
7771,DOG
7772,DOG
7773,DOG
7774,DOG
7775,CAT
7776,CAT
7777,DOG
7778,DOG
7779,DOG
7780,DOG
7781,DOG
7782,DOG
7783,DOG
7784,DOG
7785,DOG
7786,DOG
7787,DOG
7788,DOG
7789,DOG
7790,DOG
7791,DOG
7792,DOG
7793,DOG
7794,DOG
7795,DOG
7796,DOG
7797,CAT
7798,DOG
7799,DOG
7800,DOG
7801,DOG
7802,CAT
7803,DOG
7804,DOG
7805,DOG
7806,DOG
7807,DOG
7808,CAT
7809,DOG
7810,DOG
7811,DOG
7812,DOG
7813,DOG
7814,DOG
7815,DOG
7816,DOG
7817,DOG
7818,BAT
7819,CAT
7820,CAT
7821,DOG
7822,DOG
7823,DOG
7824,DOG
7825,DOG
7826,DOG
7827,DOG
7828,DOG
7829,DOG
7830,DOG
7831,DOG
7832,DOG
7833,DOG
7834,CAT
7835,CAT
7836,DOG
7837,DOG
7838,DOG
7839,DOG
7840,DOG
7841,DOG
7842,DOG
7843,DOG
7844,CAT
7845,DOG
7846,CAT
7847,DOG
7848,DOG
7849,DOG
7850,DOG
7851,DOG
7852,DOG
7853,DOG
7854,DOG
7855,CAT
7856,DOG
7857,DOG
7858,DOG
7859,DOG
7860,DOG
7861,DOG
7862,DOG
7863,DOG
7864,DOG
7865,DOG
7866,DOG
7867,HORSE
7868,DOG
7869,DOG
7870,DOG
7871,DOG
7872,DOG
7873,DOG
7874,DOG
7875,DOG
7876,CAT
7877,CAT
7878,DOG
7879,DOG
7880,DOG
7881,DOG
7882,DOG
7883,DOG
7884,DOG
7885,DOG
7886,DOG
7887,DOG
7888,DOG
7889,CAT
7890,DOG
7891,DOG
7892,DOG
7893,DOG
7894,DOG
7895,DOG
7896,DOG
7897,DOG
7898,DOG
7899,CAT
7900,DOG
7901,DOG
7902,DOG
7903,DOG
7904,BAT
7905,BAT
7906,BAT
7907,DOG
7908,DOG
7909,DOG
7910,BAT
7911,BAT
7912,DOG
7913,DOG
7914,BAT
7915,DOG
7916,DOG
7917,DOG
7918,DOG
7919,DOG
7920,CAT
7921,DOG
7922,DOG
7923,DOG
7924,DOG
7925,DOG
7926,DOG
7927,DOG
7928,DOG
7929,DOG
7930,DOG
7931,DOG
7932,DOG
7933,DOG
7934,CAT
7935,DOG
7936,DOG
7937,DOG
7938,CAT
7939,DOG
7940,DOG
7941,DOG
7942,CAT
7943,DOG
7944,DOG
7945,DOG
7946,CAT
7947,DOG
7948,DOG
7949,DOG
7950,CAT
7951,DOG
7952,DOG
7953,CAT
7954,DOG
7955,CAT
7956,DOG
7957,DOG
7958,DOG
7959,DOG
7960,DOG
7961,DOG
7962,DOG
7963,DOG
7964,DOG
7965,DOG
7966,DOG
7967,DOG
7968,DOG
7969,DOG
7970,DOG
7971,DOG
7972,CAT
7973,DOG
7974,CAT
7975,DOG
7976,DOG
7977,CAT
7978,DOG
7979,CAT
7980,DOG
7981,DOG
7982,DOG
7983,DOG
7984,DOG
7985,DOG
7986,CAT
7987,DOG
7988,CAT
7989,DOG
7990,DOG
7991,DOG
7992,CAT
7993,DOG
7994,DOG
7995,CAT
7996,DOG
7997,CAT
7998,DOG
7999,DOG
8000,DOG
8001,DOG
8002,DOG
8003,CAT
8004,DOG
8005,DOG
8006,DOG
8007,DOG
8008,DOG
8009,DOG
8010,CAT
8011,DOG
8012,DOG
8013,DOG
8014,DOG
8015,
8016,CAT
8017,DOG
8018,DOG
8019,DOG
8020,RACCOON
8021,BAT
8022,DOG
8023,DOG
8024,DOG
8025,CAT
8026,DOG
8027,DOG
8028,DOG
8029,DOG
8030,DOG
8031,DOG
8032,CAT
8033,DOG
8034,DOG
8035,CAT
8036,DOG
8037,DOG
8038,DOG
8039,DOG
8040,DOG
8041,DOG
8042,DOG
8043,DOG
8044,DOG
8045,DOG
8046,DOG
8047,DOG
8048,DOG
8049,DOG
8050,DOG
8051,CAT
8052,DOG
8053,DOG
8054,DOG
8055,DOG
8056,DOG
8057,DOG
8058,DOG
8059,DOG
8060,DOG
8061,DOG
8062,DOG
8063,DOG
8064,CAT
8065,DOG
8066,DOG
8067,DOG
8068,DOG
8069,DOG
8070,DOG
8071,DOG
8072,DOG
8073,DOG
8074,DOG
8075,DOG
8076,DOG
8077,DOG
8078,DOG
8079,DOG
8080,DOG
8081,DOG
8082,DOG
8083,DOG
8084,DOG
8085,DOG
8086,DOG
8087,DOG
8088,DOG
8089,DOG
8090,DOG
8091,DOG
8092,CAT
8093,FERRET
8094,DOG
8095,DOG
8096,DOG
8097,CAT
8098,DOG
8099,DOG
8100,DOG
8101,DOG
8102,DOG
8103,DOG
8104,DOG
8105,DOG
8106,DOG
8107,DOG
8108,DOG
8109,DOG
8110,DOG
8111,RACCOON
8112,DOG
8113,DOG
8114,DOG
8115,DOG
8116,DOG
8117,DOG
8118,DOG
8119,DOG
8120,DOG
8121,DOG
8122,DOG
8123,DOG
8124,DOG
8125,DOG
8126,DOG
8127,DOG
8128,DOG
8129,DOG
8130,DOG
8131,CAT
8132,DOG
8133,DOG
8134,DOG
8135,DOG
8136,DOG
8137,DOG
8138,DOG
8139,DOG
8140,CAT
8141,DOG
8142,CAT
8143,CAT
8144,DOG
8145,DOG
8146,DOG
8147,DOG
8148,CAT
8149,DOG
8150,DOG
8151,DOG
8152,DOG
8153,DOG
8154,CAT
8155,DOG
8156,DOG
8157,DOG
8158,DOG
8159,DOG
8160,CAT
8161,CAT
8162,DOG
8163,DOG
8164,CAT
8165,DOG
8166,DOG
8167,CAT
8168,DOG
8169,DOG
8170,CAT
8171,DOG
8172,BAT
8173,DOG
8174,DOG
8175,DOG
8176,DOG
8177,DOG
8178,CAT
8179,DOG
8180,DOG
8181,DOG
8182,CAT
8183,DOG
8184,DOG
8185,DOG
8186,DOG
8187,DOG
8188,DOG
8189,CAT
8190,BAT
8191,DOG
8192,CAT
8193,DOG
8194,DOG
8195,DOG
8196,DOG
8197,DOG
8198,DOG
8199,DOG
8200,DOG
8201,DOG
8202,DOG
8203,DOG
8204,CAT
8205,DOG
8206,DOG
8207,DOG
8208,DOG
8209,DOG
8210,CAT
8211,DOG
8212,DOG
8213,DOG
8214,DOG
8215,DOG
8216,CAT
8217,DOG
8218,DOG
8219,DOG
8220,DOG
8221,CAT
8222,DOG
8223,CAT
8224,DOG
8225,DOG
8226,DOG
8227,DOG
8228,CAT
8229,CAT
8230,CAT
8231,DOG
8232,DOG
8233,DOG
8234,DOG
8235,DOG
8236,CAT
8237,DOG
8238,DOG
8239,CAT
8240,DOG
8241,CAT
8242,DOG
8243,DOG
8244,DOG
8245,DOG
8246,DOG
8247,DOG
8248,DOG
8249,DOG
8250,DOG
8251,DOG
8252,CAT
8253,CAT
8254,DOG
8255,DOG
8256,DOG
8257,DOG
8258,DOG
8259,DOG
8260,DOG
8261,DOG
8262,DOG
8263,DOG
8264,CAT
8265,DOG
8266,DOG
8267,DOG
8268,DOG
8269,DOG
8270,DOG
8271,DOG
8272,DOG
8273,CAT
8274,DOG
8275,DOG
8276,CAT
8277,DOG
8278,DOG
8279,CAT
8280,DOG
8281,DOG
8282,DOG
8283,DOG
8284,DOG
8285,DOG
8286,DOG
8287,DOG
8288,DOG
8289,DOG
8290,DOG
8291,DOG
8292,CAT
8293,DOG
8294,DOG
8295,CAT
8296,CAT
8297,DOG
8298,DOG
8299,DOG
8300,RACCOON
8301,DOG
8302,DOG
8303,DOG
8304,DOG
8305,DOG
8306,DOG
8307,CAT
8308,CAT
8309,DOG
8310,DOG
8311,DOG
8312,DOG
8313,DOG
8314,DOG
8315,DOG
8316,DOG
8317,DOG
8318,DOG
8319,DOG
8320,DOG
8321,DOG
8322,DOG
8323,DOG
8324,CAT
8325,DOG
8326,DOG
8327,DOG
8328,DOG
8329,DOG
8330,CAT
8331,DOG
8332,DOG
8333,DOG
8334,DOG
8335,DOG
8336,DOG
8337,DOG
8338,DOG
8339,DOG
8340,DOG
8341,DOG
8342,DOG
8343,DOG
8344,DOG
8345,DOG
8346,DOG
8347,CAT
8348,DOG
8349,DOG
8350,DOG
8351,DOG
8352,DOG
8353,DOG
8354,DOG
8355,DOG
8356,DOG
8357,DOG
8358,DOG
8359,DOG
8360,DOG
8361,DOG
8362,DOG
8363,DOG
8364,DOG
8365,DOG
8366,DOG
8367,DOG
8368,DOG
8369,DOG
8370,DOG
8371,CAT
8372,CAT
8373,DOG
8374,DOG
8375,DOG
8376,DOG
8377,DOG
8378,DOG
8379,DOG
8380,DOG
8381,DOG
8382,DOG
8383,DOG
8384,DOG
8385,DOG
8386,DOG
8387,CAT
8388,DOG
8389,DOG
8390,DOG
8391,DOG
8392,DOG
8393,DOG
8394,CAT
8395,DOG
8396,DOG
8397,CAT
8398,DOG
8399,DOG
8400,DOG
8401,DOG
8402,FERRET
8403,DOG
8404,DOG
8405,CAT
8406,DOG
8407,DOG
8408,DOG
8409,DOG
8410,DOG
8411,DOG
8412,CAT
8413,DOG
8414,DOG
8415,DOG
8416,DOG
8417,DOG
8418,DOG
8419,DOG
8420,DOG
8421,DOG
8422,DOG
8423,DOG
8424,DOG
8425,DOG
8426,CAT
8427,DOG
8428,DOG
8429,DOG
8430,DOG
8431,BAT
8432,CAT
8433,CAT
8434,DOG
8435,DOG
8436,DOG
8437,DOG
8438,DOG
8439,CAT
8440,DOG
8441,DOG
8442,DOG
8443,DOG
8444,DOG
8445,DOG
8446,
8447,DOG
8448,DOG
8449,DOG
8450,DOG
8451,DOG
8452,DOG
8453,DOG
8454,DOG
8455,CAT
8456,DOG
8457,CAT
8458,DOG
8459,DOG
8460,CAT
8461,DOG
8462,DOG
8463,DOG
8464,CAT
8465,DOG
8466,DOG
8467,BAT
8468,DOG
8469,CAT
8470,DOG
8471,DOG
8472,DOG
8473,DOG
8474,DOG
8475,DOG
8476,DOG
8477,DOG
8478,DOG
8479,CAT
8480,DOG
8481,DOG
8482,DOG
8483,DOG
8484,CAT
8485,DOG
8486,DOG
8487,DOG
8488,DOG
8489,DOG
8490,DOG
8491,CAT
8492,DOG
8493,DOG
8494,DOG
8495,DOG
8496,
8497,CAT
8498,DOG
8499,DOG
8500,CAT
8501,CAT
8502,DOG
8503,DOG
8504,CAT
8505,DOG
8506,CAT
8507,DOG
8508,DOG
8509,DOG
8510,DOG
8511,DOG
8512,DOG
8513,CAT
8514,DOG
8515,DOG
8516,DOG
8517,DOG
8518,DOG
8519,CAT
8520,DOG
8521,DOG
8522,DOG
8523,DOG
8524,DOG
8525,DOG
8526,
8527,DOG
8528,BAT
8529,DOG
8530,DOG
8531,DOG
8532,DOG
8533,CAT
8534,DOG
8535,DOG
8536,DOG
8537,DOG
8538,CAT
8539,DOG
8540,
8541,DOG
8542,DOG
8543,DOG
8544,DOG
8545,DOG
8546,DOG
8547,DOG
8548,DOG
8549,DOG
8550,DOG
8551,DOG
8552,DOG
8553,DOG
8554,DOG
8555,DOG
8556,DOG
8557,CAT
8558,DOG
8559,CAT
8560,DOG
8561,DOG
8562,DOG
8563,CAT
8564,DOG
8565,DOG
8566,DOG
8567,DOG
8568,DOG
8569,DOG
8570,DOG
8571,DOG
8572,DOG
8573,DOG
8574,BAT
8575,DOG
8576,DOG
8577,FERRET
8578,DOG
8579,DOG
8580,DOG
8581,DOG
8582,BAT
8583,CAT
8584,DOG
8585,DOG
8586,DOG
8587,DOG
8588,DOG
8589,DOG
8590,DOG
8591,DOG
8592,DOG
8593,DOG
8594,DOG
8595,CAT
8596,DOG
8597,DOG
8598,DOG
8599,DOG
8600,DOG
8601,DOG
8602,DOG
8603,DOG
8604,DOG
8605,DOG
8606,CAT
8607,CAT
8608,DOG
8609,DOG
8610,DOG
8611,DOG
8612,DOG
8613,DOG
8614,DOG
8615,DOG
8616,CAT
8617,
8618,DOG
8619,DOG
8620,CAT
8621,DOG
8622,DOG
8623,DOG
8624,DOG
8625,DOG
8626,DOG
8627,CAT
8628,DOG
8629,DOG
8630,DOG
8631,CAT
8632,DOG
8633,CAT
8634,DOG
8635,DOG
8636,DOG
8637,DOG
8638,DOG
8639,CAT
8640,DOG
8641,DOG
8642,DOG
8643,CAT
8644,DOG
8645,CAT
8646,DOG
8647,DOG
8648,DOG
8649,DOG
8650,DOG
8651,DOG
8652,DOG
8653,DOG
8654,DOG
8655,DOG
8656,DOG
8657,DOG
8658,DOG
8659,DOG
8660,DOG
8661,CAT
8662,DOG
8663,DOG
8664,DOG
8665,DOG
8666,DOG
8667,DOG
8668,DOG
8669,DOG
8670,DOG
8671,DOG
8672,DOG
8673,DOG
8674,DOG
8675,DOG
8676,DOG
8677,DOG
8678,DOG
8679,DOG
8680,CAT
8681,DOG
8682,CAT
8683,DOG
8684,CAT
8685,CAT
8686,DOG
8687,DOG
8688,DOG
8689,BAT
8690,DOG
8691,DOG
8692,DOG
8693,DOG
8694,DOG
8695,CAT
8696,DOG
8697,BAT
8698,DOG
8699,CAT
8700,DOG
8701,DOG
8702,CAT
8703,DOG
8704,DOG
8705,DOG
8706,DOG
8707,DOG
8708,HORSE
8709,DOG
8710,DOG
8711,CAT
8712,DOG
8713,DOG
8714,DOG
8715,DOG
8716,DOG
8717,CAT
8718,CAT
8719,DOG
8720,DOG
8721,DOG
8722,DOG
8723,DOG
8724,CAT
8725,DOG
8726,DOG
8727,DOG
8728,DOG
8729,DOG
8730,DOG
8731,DOG
8732,DOG
8733,DOG
8734,DOG
8735,DOG
8736,DOG
8737,CAT
8738,DOG
8739,CAT
8740,DOG
8741,DOG
8742,DOG
8743,DOG
8744,DOG
8745,DOG
8746,DOG
8747,DOG
8748,DOG
8749,DOG
8750,CAT
8751,CAT
8752,DOG
8753,CAT
8754,DOG
8755,DOG
8756,DOG
8757,DOG
8758,DOG
8759,DOG
8760,DOG
8761,DOG
8762,DOG
8763,DOG
8764,DOG
8765,DOG
8766,DOG
8767,DOG
8768,DOG
8769,DOG
8770,DOG
8771,DOG
8772,DOG
8773,DOG
8774,DOG
8775,DOG
8776,DOG
8777,DOG
8778,DOG
8779,DOG
8780,
8781,DOG
8782,DOG
8783,DOG
8784,DOG
8785,DOG
8786,DOG
8787,DOG
8788,DOG
8789,DOG
8790,DOG
8791,DOG
8792,CAT
8793,DOG
8794,DOG
8795,DOG
8796,DOG
8797,DOG
8798,DOG
8799,DOG
8800,DOG
8801,DOG
8802,DOG
8803,CAT
8804,DOG
8805,DOG
8806,DOG
8807,DOG
8808,CAT
8809,DOG
8810,DOG
8811,BAT
8812,BAT
8813,DOG
8814,DOG
8815,DOG
8816,DOG
8817,DOG
8818,DOG
8819,CAT
8820,CAT
8821,DOG
8822,DOG
8823,DOG
8824,DOG
8825,DOG
8826,DOG
8827,DOG
8828,DOG
8829,DOG
8830,DOG
8831,DOG
8832,DOG
8833,CAT
8834,DOG
8835,DOG
8836,CAT
8837,CAT
8838,DOG
8839,DOG
8840,CAT
8841,DOG
8842,DOG
8843,DOG
8844,DOG
8845,DOG
8846,DOG
8847,DOG
8848,DOG
8849,DOG
8850,DOG
8851,DOG
8852,CAT
8853,DOG
8854,DOG
8855,DOG
8856,BAT
8857,DOG
8858,DOG
8859,DOG
8860,DOG
8861,DOG
8862,DOG
8863,DOG
8864,DOG
8865,DOG
8866,DOG
8867,CAT
8868,DOG
8869,DOG
8870,DOG
8871,CAT
8872,CAT
8873,DOG
8874,DOG
8875,DOG
8876,CAT
8877,DOG
8878,DOG
8879,DOG
8880,DOG
8881,
8882,DOG
8883,CAT
8884,DOG
8885,DOG
8886,CAT
8887,DOG
8888,CAT
8889,DOG
8890,CAT
8891,DOG
8892,DOG
8893,DOG
8894,DOG
8895,DOG
8896,DOG
8897,DOG
8898,DOG
8899,DOG
8900,DOG
8901,DOG
8902,DOG
8903,DOG
8904,DOG
8905,DOG
8906,DOG
8907,DOG
8908,DOG
8909,DOG
8910,DOG
8911,DOG
8912,DOG
8913,CAT
8914,DOG
8915,DOG
8916,DOG
8917,DOG
8918,CAT
8919,DOG
8920,DOG
8921,CAT
8922,
8923,DOG
8924,DOG
8925,DOG
8926,DOG
8927,BAT
8928,BAT
8929,CAT
8930,DOG
8931,DOG
8932,DOG
8933,DOG
8934,DOG
8935,DOG
8936,DOG
8937,CAT
8938,DOG
8939,DOG
8940,CAT
8941,DOG
8942,DOG
8943,DOG
8944,DOG
8945,DOG
8946,DOG
8947,CAT
8948,DOG
8949,DOG
8950,CAT
8951,DOG
8952,DOG
8953,DOG
8954,DOG
8955,DOG
8956,DOG
8957,DOG
8958,DOG
8959,DOG
8960,DOG
8961,DOG
8962,DOG
8963,DOG
8964,DOG
8965,CAT
8966,DOG
8967,CAT
8968,DOG
8969,DOG
8970,DOG
8971,DOG
8972,CAT
8973,DOG
8974,CAT
8975,CAT
8976,DOG
8977,DOG
8978,DOG
8979,DOG
8980,DOG
8981,DOG
8982,DOG
8983,DOG
8984,CAT
8985,DOG
8986,DOG
8987,DOG
8988,DOG
8989,DOG
8990,DOG
8991,DOG
8992,DOG
8993,DOG
8994,CAT
8995,DOG
8996,DOG
8997,DOG
8998,DOG
8999,DOG
9000,DOG
9001,DOG
9002,DOG
